-5,-10.3,2.1,0.4,6,3.7,1.4,-11.2,32,64.4,9.7,-1,-3.7,335
-6,-11.1,-2,0.5,6.7,3.6,1.5,-14.1,30,55.3,9.7,-1.4,-4.7,345
-9.1,-12.7,-3.9,0.001,8.1,3.6,2,-16.8,40,53.8,9.7,-1.1,-3.2,340
-8.6,-13.6,-1.8,0.001,6,3.1,1.4,-18.7,15,47.4,9.7,-1.5,-4.6,370
-6.1,-10.7,0.2,0.001,5,3.2,1.2,-15.2,22,51.8,9.7,-1.5,-4.1,370
-3.9,-7.3,1.3,0.001,10.1,4.4,2,-11.4,34,56.9,9.8,-1.4,-3.6,360
-4.2,-8,2.1,0.001,6.1,3.7,1.8,-16,13,41.4,9.8,-1.5,-4,360
-7.8,-11,-3.6,0.001,7.7,4,1.5,-18.3,29,43.6,9.8,-1.9,-4.9,360
-7.4,-12.5,-2.8,0.001,9,5.2,2.6,-18.2,11,43.9,9.8,-2.2,-5.6,330
-4.1,-6.7,-0.5,0.001,9,4.2,1.7,-11.9,42,55,9.8,-2,-11,330
-2.8,-7.5,-0.6,0.001,4.3,2.5,0.7,-5.3,71,82.6,9.9,-2.1,-9.4,330
-0.8,-3.7,4.1,1.5,5.1,3.4,0.6,-3.1,56,84.8,9.9,-0.8,-7.2,320
-1.3,-7.4,4.7,0.001,5.9,4.2,1.1,-4.3,43,81.1,10,-0.5,-4.8,320
0.5,-0.2,1.4,11.5,8.1,4.2,2,-1.2,86,88.8,10,-0.2,-0.4,320
0.001,-0.9,0.7,6.5,7.1,3.8,2.2,-1.9,83,87,10,-0.2,-0.2,320
-10.8,-13.2,-7.4,0.001,7.2,3.8,1.9,-22.3,22,40.4,10.1,-1.1,-3.8,320
-6.8,-14.7,-3.1,0.001,9.2,3.7,1.9,-14.5,39,54.4,10.2,-1.2,-4.2,360
-5.8,-13,-0.8,0.5,6.4,4,1.3,-10.9,49,67.8,10.2,-1.1,-4.1,360
-8.6,-13.7,-2.9,0.001,7.1,3.9,1.3,-23.8,13,32.5,10.3,-1.3,-4.3,340
-7.1,-15.1,-0.7,8,11,6.3,2.3,-13.6,27,62.8,10.3,-1.4,-4.4,340
-12,-17.1,-5.7,0.001,8.9,4.3,2.2,-23.6,23,38.9,10.3,-0.8,-1.5,340
-14.5,-20.3,-9.2,0.001,7.2,4,2,-27.3,20,34.9,10.4,-0.8,-1.9,340
-11,-17.1,-6,0.001,10.7,4.5,2.3,-22.6,16,40.1,10.4,-0.9,-12.7,340
-1.7,-9.8,6.2,0.001,5.9,3.4,0.8,-9.4,34,57.8,10.5,-0.8,-11.6,340
-7.4,-14.4,-0.3,0.001,10.3,4.7,2.3,-20.1,22,37.1,10.5,-0.6,-15.3,340
-12,-16.6,-7.4,0.001,10.3,4.9,2.3,-23.4,28,38.4,10.6,-1.3,-17,360
-8.2,-12.8,-3.3,0.001,9.1,4.2,2.2,-18.8,21,44.3,10.6,-1.6,-15.2,446
-5.8,-9.9,-2.1,0.001,8.3,3.9,2,-16.3,24,44.9,10.6,-1.4,-12.1,450
0.3,-3.9,5.8,0.001,6.2,3.6,0.8,-8.4,21,53.8,10.8,-0.9,-7.9,470
1,-4.9,8.1,0.001,7.2,3.8,1.1,-7.8,29,55.3,10.8,-0.4,-8.4,500
-1,-3.3,3.5,0.001,7.7,5,1.9,-9.4,28,54.3,10.8,0.2,-6.5,500
-4.4,-7.5,-0.9,0.001,8.8,4.5,2.1,-20,18,30,10.9,0.2,-10.7,500
-9,-11.8,-5,0.001,8,3.9,2,-21.5,23,36.3,10.9,-0.3,-14.8,480
-3.2,-11.5,3.5,0.001,6.8,4.3,1.9,-17.6,16,33.8,11,-2,-15.7,480
-1.1,-5.1,3.7,0.001,5.9,3.9,1.3,-11.9,15,46.9,11,-1.2,-8.6,480
-0.5,-8,7.5,0.001,7.2,4.9,1.4,-5.7,43,69.6,11.1,-0.5,-11.5,470
1.9,-1.3,7.3,0.001,10.1,6.8,2.7,-3.5,30,69.6,11.1,0.1,-3.2,470
-0.3,-1.9,2.5,0.001,6,4.3,2.4,-4.4,62,73.8,11.2,0.1,-2,500
-6.6,-14,1.4,0.001,6.2,4.7,1.1,-11.2,32,71.8,11.3,0.1,-10.4,510
-2.5,-9.6,3.9,0.001,4.8,3.4,1.1,-8.4,32,67.1,11.3,0.1,-12.5,520
0.7,-7.6,9.4,0.001,4.9,3.8,1,-6,27,65.8,11.3,0.1,-10.2,520
0.3,-1.1,1.7,1,6.1,3.8,2,-1.5,81,87.3,11.4,0.2,-1.4,500
-0.1,-1,1.1,10,5.3,3,1.1,-2,85,87.1,11.5,0.2,-1.1,540
0.5,-1.8,3.7,3.5,12.9,5.6,2.2,-3.7,54,74,11.6,0.2,-2.3,540
1.3,-2.8,7.8,0.001,5.4,4.1,1.4,-5.9,23,61.6,11.6,0.2,-3.4,550
-0.8,-6.2,6.9,0.001,6.3,4.7,1.6,-7.5,23,63.3,11.7,0.2,-5.8,580
-1.1,-3,0.1,0.2,6.3,3.8,1.6,-3.5,71,83.5,11.7,0.2,-4.5,570
-5.3,-9.8,0.3,0.001,7,4,1.8,-15.3,21,49,11.8,-0.7,-10.7,560
-2.2,-8.7,2.8,0.001,6.7,4,1.7,-14.1,24,41,11.9,-1,-10.4,530
1.3,-3.9,6.1,0.001,11.7,5.9,2.7,-7.6,33,52,11.9,-0.3,-7.2,510
1.2,-4.2,6.6,0.001,5.4,3.8,1.8,-6.1,35,59.8,11.9,0.9,-6.7,480
4.6,-0.8,9.1,2,6.7,4.6,2.8,-1.2,29,68.1,12,1.7,-2.7,480
0.4,-4.2,6.1,0.001,6.6,4.2,1.8,-8.4,30,55.3,12.1,2.9,-4.7,480
0.9,-5,7.1,0.001,7.3,4.1,1.7,-13.1,17,36.3,12.1,2.6,-7.1,480
2.8,-5.1,10.4,0.001,8.5,4.7,1.9,-12.5,15,34.9,12.2,2.9,-8.2,480
6,2.9,12.2,0.001,10.9,5.3,2.4,-7.2,16,41.6,12.2,4.6,-0.7,480
0.7,0.001,4.1,18,5.4,2.9,0.7,-0.3,71,93.3,12.3,0.2,0.2,510
0.4,-6.8,5.7,0.001,6.7,3.8,1.9,-11.3,29,43.3,12.4,0.1,-5.8,510
5.4,-1,10.2,0.001,9.8,5.7,2.7,-9.9,16,34.3,12.4,1.9,-6.1,500
4.6,-1,11,0.001,9,6.1,1.9,-2.5,34,61.9,12.5,4.4,-5,500
8.4,-2.4,14.9,0.5,10.9,6,2.4,-4,14,49.1,12.5,4.6,-7.4,500
9.7,4.9,13.1,20,13.7,6,3.2,3.3,37,65.5,12.5,8.4,3.5,500
7.6,-1.4,13.4,3.5,10.8,6.2,2.6,-4,19,48.9,12.7,5.4,-5.2,500
0.7,-1.8,10.1,33.5,10.1,4.5,2.8,-2.5,59,79.6,12.7,2.2,-0.4,500
4.6,-4,11.2,0.001,14,6.5,3.4,-5.1,34,50.8,12.7,3.4,-2.1,500
3.4,0.4,7.7,0.001,10,5.8,2.7,-8,27,43.6,12.8,3.6,-2.6,500
1.1,-2.1,6.3,0.001,13.7,7,2.6,-8.2,18,53.9,12.8,2.9,-5.6,500
13.6,8.7,20,0.001,14.7,6.7,2.4,-1,17,40.9,12.9,13.5,3.1,500
11.5,5.8,19.2,1.5,14.2,6.5,2.3,3.8,21,62.4,13,9.7,1.3,500
8.5,2.8,13.4,0.001,10.7,5.8,2.5,-3,25,48.9,13,9.4,-1.6,500
8.3,4.1,12.2,0.001,5.2,3.9,1.4,0.9,45,60.1,13.1,9.4,1.8,500
9.6,2.6,17,0.001,8.5,5.8,2.4,0.2,24,56.4,13.2,13,-1,500
8,0.3,15.9,0.001,5.6,3.8,1.3,-0.5,29,59.5,13.2,12.7,-3.7,500
9.9,1.1,18.6,0.001,5,3.5,1,1.3,30,58.9,13.3,12.5,-2.7,500
8.9,2.2,16.8,0.001,6.8,4.8,1.9,2.8,36,68.5,13.3,12.6,-1.9,470
8.3,5.4,14.7,0.1,7.3,5.3,2.1,4.8,54,79.1,13.3,13.6,3.2,470
14,8.3,19.6,0.001,11.9,5.5,2.8,7.1,36,64.8,13.5,14.3,6.9,470
19,11.2,27.2,0.001,6,3.8,1.5,3.3,17,39.6,13.5,18.4,7.1,470
13.8,10.2,19.6,8,12.4,7.1,2.2,6.3,31,65.4,13.5,11.9,6.9,490
10.6,7.3,14.8,0.001,11.2,5.6,3,0.3,27,51.6,13.6,15.3,3.7,500
13.5,3.6,20,0.001,9.4,6.1,2.6,-4.8,13,30.9,13.6,15.5,0.1,500
15.8,8.6,22.1,0.001,11.3,7.5,2.4,6.3,35,55.9,13.7,20,4.6,480
12.2,11,14.4,0.4,6.9,4.1,2.1,10.6,80,89.9,13.8,14.6,11.2,480
11.5,10,15,6.5,8.7,5,2.5,9.6,70,89,13.8,13.9,10.4,490
17.9,8.4,25.2,0.001,9.6,6.4,2.1,7.1,28,54.1,13.8,21,4.8,520
16,6.8,23.5,0.001,7.5,4.6,1.5,-0.4,18,35.5,13.9,20.4,1.6,520
14.8,8.9,21.8,0.001,6.1,4.7,1.5,4.2,28,51.4,14,17.1,5,550
12.9,6.6,22.3,0.001,8.1,6,1.9,7.4,34,72.4,14,20.5,3.2,570
7.6,7,9.5,0.4,5.8,4.3,2.3,6.7,88,94.1,14,12,7.7,620
7.4,6.6,9.9,0.5,4.5,3.3,1.8,5.8,77,89.8,14.1,11.7,7.1,620
12.5,9.9,16,17.5,4.2,2.9,0.7,10.4,68,88.3,14.1,13.1,6.8,620
15.3,12.3,19.7,0.001,7.7,4.2,1.8,6.7,33,60.1,14.2,20,9.9,620
15.1,11.1,21.1,0.5,10.8,4.3,2.2,1.9,21,43.4,14.2,20.5,6.8,620
10.5,5.5,17.2,2.5,10.5,6.7,1.7,5.6,44,73.4,14.2,12.6,2.4,610
13.7,3.3,22.2,0.001,6,3.8,1.2,3.7,25,57.3,14.3,20.5,-0.3,610
13.8,6,22,0.001,6.4,4.5,1.6,6.6,32,65.9,14.3,21.9,2.8,605
15.8,6.4,24.9,0.001,5.9,4.4,1.1,5.6,28,56,14.3,24.1,3.6,585
17.7,9.7,25.1,0.001,7.2,4.8,1.5,6,26,50.5,14.4,22.4,6.8,530
17.4,12.2,24,0.001,5.5,4.2,1.4,7.5,26,54.3,14.4,24.4,8.1,515
17.6,12.6,24.3,0.001,6.8,4.1,1.4,6.6,21,51.6,14.4,20.7,8.2,510
17.3,12.1,23,0.001,8.8,6.2,1.8,10.8,35,68.9,14.5,25.4,10.7,525
13.6,10.1,15.4,30.5,5.3,3.8,1.2,11.8,79,89.4,14.5,15.2,6.8,525
14.4,10.1,20.6,15.5,6.6,4.4,1.7,11.3,48,83.8,14.5,18.9,11.1,525
14.6,9.8,20.9,0.001,6.8,5.1,1.8,11.6,51,83.3,14.6,21.8,11,525
18.7,11.1,25.6,0.001,7,4.4,1.6,10.1,29,63.1,14.6,25.1,11.2,550
20.7,14.5,26.1,0.001,6.6,3.9,1.7,11.8,36,58.3,14.6,25.6,12,580
20.1,13.2,27.3,0.001,6,4.1,1.3,12.7,33,65.6,14.6,24.7,11.3,585
18.1,15,23.1,0.001,5,3.9,1.3,13.5,61,75,14.7,20.4,12.5,570
18,12.2,25.5,0.001,5.1,4.1,1.1,14.1,45,80.3,14.7,21.1,11.2,555
15.5,14,17.8,1.6,6.2,4.1,2,13.6,77,88.9,14.7,18.7,13.4,565
13.7,12,15.9,1.5,5.6,3.6,2.1,12.2,83,91.1,14.7,18.2,12.7,585
14.3,11.1,20.5,0.1,6.4,4.5,2,11.8,65,85.9,14.7,21.4,11.7,585
15.5,13.5,18.1,9,6.5,4.4,1.3,13.6,78,88.9,14.7,17.6,14,595
20.2,14.3,26.1,0.001,5,4,1.4,13.3,39,67.1,14.7,22.7,12.2,600
17.4,15.8,21.1,3.5,8.1,5,2.3,14.5,68,83.6,14.7,21,15.4,660
18,14.7,24.1,0.001,5.4,4.3,2.1,14.2,56,80.4,14.7,23.6,15.3,660
18.5,15.3,24.8,0.001,7.7,5.4,1.4,15.2,52,82.1,14.7,22.4,15.3,660
19.3,15.2,27.5,0.001,6.3,4.3,1.4,15.2,36,79.5,14.7,24.1,16.2,660
14.5,10.8,17.3,1,7,4.1,2.1,12.8,83,89.5,14.7,18.1,11.1,690
14.3,13.3,16.7,3.5,7.3,3.9,2.3,12.8,83,91,14.7,19.4,14.6,690
13.9,12.7,15.3,1,5.2,3,1.4,12.3,83,90.6,14.7,17.5,13.9,710
17.2,13.5,22.8,0.1,5.1,3.7,1.6,14.9,71,87,14.7,21.2,14.7,740
21.3,14.8,29,0.001,6,4,1.8,16.2,36,75,14.7,26.4,16.5,780
21.4,14.4,27.9,0.001,5.4,3.8,1.3,14.4,38,67.8,14.7,25.1,13.7,900
23.1,15.8,29.9,0.001,6.8,4.2,1.5,15.1,30,64.4,14.7,26.6,15.7,940
24.4,20.9,29.3,0.001,7.9,4.4,2.2,16,43,60.8,14.7,28,17.9,970
21.5,19.1,24,4.5,6.3,4.6,1.7,17.5,67,78.9,14.6,23,19.2,960
17.9,16.4,19.6,172.5,9.2,4.3,2,16.8,90,93.6,14.6,19,16.7,960
21.6,14.9,29.1,0.5,5.4,4.1,1.3,17,44,77.4,14.6,25.9,15.3,900
21.1,16,27.1,0.001,7.2,4.1,1.9,16.4,28,76.4,14.6,26.1,19,790
22.9,19.8,26.4,8.5,8.1,4.6,2.9,19.2,67,80.6,14.6,23,20,790
23.1,19.7,27.8,0.001,6.4,4,1.9,16.8,51,68.5,14.5,24.9,17.4,790
21.4,18.9,28.9,1,6.7,4.5,1.7,18.5,50,85,14.5,24.4,20,770
18.5,16.3,23,3,5.9,4.2,1.6,16.9,79,90.8,14.5,22.6,17.5,710
21.1,17.7,25.3,2,4.8,3.6,1,19,69,88.3,14.4,23.5,18.7,710
22.4,19.9,25.4,6.5,7.3,4.7,1.8,19.9,76,86,14.4,23.8,20.5,710
23.1,20.8,26.9,39.5,12.4,6.5,2.9,19.9,67,83,14.4,23.3,20.7,710
23.5,18.9,28.6,0.001,6.5,4.3,1.8,17.5,52,70.6,14.4,27.2,19.4,660
24.5,20.7,29.2,0.001,6.3,4.3,2,19.7,59,75.4,14.3,25.1,20.4,650
24.7,19.5,29.4,0.001,6.5,3.5,1.6,18.8,53,70.8,14.3,25.8,19.7,640
25.3,18.6,32.5,0.001,5.3,3.3,1.2,18.6,38,70,14.3,29.3,18.8,630
25.8,19.4,33.2,0.001,6.1,4.3,1.6,18.5,40,67.5,14.2,30.3,19.3,600
26,22.4,31.4,0.001,7.4,4.9,2.2,17.5,36,61,14.2,30.4,20.5,610
26.2,23.2,31.7,0.001,8.5,5.2,2.5,19.6,50,67.6,14.1,31,21.4,618
26,21.2,31.9,0.001,5.9,4.5,1.6,19.4,45,69.3,14.1,31.9,20,620
24.2,19.8,29.5,0.001,7.5,4.3,2,20,56,78.4,14,31.6,19.6,620
23,21.2,26.5,0.001,5.5,4,2.2,20.9,77,88.4,14,27.5,21.7,620
23.9,20.8,28.3,0.001,5.5,3.9,1.6,20.8,67,83.9,14,30,20.5,620
23.1,18.8,29,0.001,7.5,5.3,2.1,19.4,56,80.9,13.9,31.2,18.7,610
22.5,17.9,27.7,0.001,6.4,4.7,2.2,17.1,43,73.8,13.9,31.8,18.2,610
22.3,16.4,29.8,0.001,5.8,4,1.3,17.2,43,75.3,13.8,31.2,15.7,630
23.3,17.9,31.7,4.5,7.5,4.8,1.1,18.6,34,78,13.8,30.9,18.1,650
21.9,19.8,28.9,4.5,5.5,3.7,0.9,19.6,54,88.5,13.8,24.9,21.5,660
20,18.5,22.1,39,9.2,4.7,1.8,18.9,86,94.1,13.7,22.8,20.2,670
21,14.8,27.8,4,4.8,3.5,1.3,17.7,48,83.1,13.6,25,16.3,670
20.9,19.1,24,83.5,5.5,4.2,1.5,19.9,87,94.4,13.6,23,19.4,650
23.2,18.5,30.2,0.1,5.3,4.1,1.4,20.3,56,85.4,13.5,26.5,19.4,600
24.3,22.1,26.9,0.5,9.7,5.5,3.1,20,63,77.3,13.4,24,22.3,510
24.9,22.2,30.7,2.5,7.1,4.5,2.5,20,51,75.6,13.4,26.3,21.9,470
21.1,17.5,25,51.5,6.7,4.5,2,19.5,73,91.1,13.4,22.8,19.8,460
17.1,15.8,19.1,60,5.8,3.4,1.4,16.2,89,94.9,13.3,20.1,17.6,460
16.8,15.3,18.3,2.5,4.1,2.8,1,16,93,95.1,13.3,20.1,17.5,520
21.3,17.1,26.2,0.001,5.6,3.8,1.5,19.5,73,89.9,13.2,24,17.8,520
22.3,20.4,23.6,50,18.9,8.6,4.1,20.1,80,88,13.1,22.1,19.8,590
23,20.4,27.1,1,16.7,9.4,4.4,16.7,52,68.6,13.1,23.1,19.1,630
17.5,14.6,20.9,58.5,12.8,6.8,2.5,16.4,85,93.4,13.1,19.6,15.8,630
17,14.7,21.4,1.5,8.1,4.5,2.2,13.1,59,78.8,13,18.8,15.4,630
19.9,14.5,28.5,0.001,5.8,4.5,1.3,16.4,41,82.6,12.9,23.8,17.1,620
20.6,14.5,26.1,2.5,6.7,4.7,1.9,16.2,51,78,12.9,23,14.1,610
19.6,14.7,24.6,16,8.4,4.9,2.1,15,40,76.8,12.8,22.1,13.1,600
16.1,10.1,24.2,0.001,6.1,4.6,1.5,9.8,30,70.8,12.8,20.8,9.7,600
16.9,9.4,25.7,0.001,6.5,4.6,1.4,12.1,34,76,12.7,21.1,9.7,590
15.6,11.4,19.2,0.001,7,5,2,13.2,73,86.4,12.6,19.2,11.9,600
14.7,8.6,22.2,0.001,5.4,4.3,1.4,10,42,76.8,12.6,19.9,8.8,630
16.1,9.1,23.9,0.001,4.8,3.4,0.8,12.6,44,81.3,12.5,18.7,9.7,630
18,15.1,24.5,0.5,5.9,3.8,1.2,15.4,54,85.9,12.5,20,15.9,630
16.4,14.3,19,3,4.2,2.9,0.9,14.2,74,87.6,12.5,19.1,16,630
14.8,14.1,15.8,146,15.1,6.8,3.4,13.9,88,94.4,12.4,15.1,13.1,800
17.4,13.9,21.6,0.1,8.8,4.3,2.3,12.7,55,75.1,12.3,17.3,12.6,900
15.9,12,20.3,0.001,7.3,4.5,1.8,11.5,56,76.1,12.3,17,10.9,900
14.6,9.4,21.9,0.001,4.9,3.8,1.2,9.6,40,75.1,12.2,17.6,8.2,900
14,8.3,20.7,0.001,4.2,3,0.8,10.9,49,84.3,12.2,16.6,7.5,860
12.3,5.4,19.5,0.001,6.7,4.8,1.7,7.7,37,76.6,12.1,17.1,6,880
14.6,8.5,21.7,0.001,5.2,3.8,1.2,10.4,44,78.4,12.1,18.7,8.8,880
13.5,7.4,20.7,0.001,4.9,3.8,1.3,9.3,43,78.5,12,18,9.6,890
14,8.6,21,0.001,5.8,3.9,1.3,10.3,52,80,12,17.4,9.6,920
15,9.8,22,0.001,6.4,4.4,1.8,9.9,45,74.3,11.9,17.5,10.2,960
13.2,8.1,19.3,0.001,6.1,4.3,1.6,8.6,41,77,11.8,18.1,8,960
11.3,2.2,21.6,0.001,4.9,3.8,1,3,20,64.1,11.7,15.3,2.3,1020
14.1,7.2,21.2,0.001,5.3,3.4,0.9,7.9,29,70.8,11.7,15.1,5.7,1020
9.8,4.3,16.7,0.001,5.6,4.2,1.2,5.4,41,77,11.5,14.7,3.7,980
10.8,2.6,19,0.001,4.9,3.7,1,6,39,75.8,11.5,13.4,1.8,960
10.6,4.7,18.1,0.001,8.5,4.8,1.3,7.4,47,81.4,11.5,12.6,3.3,980
9,3.9,13.5,0.1,6,4.4,1.6,6.3,57,84.3,11.4,13,1.9,940
10.2,3.8,19.4,0.001,5.3,3.9,1,2.3,25,65.8,11.4,14.4,4.4,920
8.2,2.1,15.5,0.001,7.5,5.2,1.5,0.001,20,61.6,11.3,11.5,0.3,920
11.8,3.6,20.3,0.001,6.6,4.4,1.8,5.4,31,68.6,11.2,13.1,1.4,910
10.3,4.8,15,5,10.9,5.9,2.8,3.4,37,64.4,11.2,12.3,1.9,890
6.4,-1.5,15,0.001,6.7,4.8,1.4,-2.7,25,55.3,11.1,8.4,-1.6,930
10.2,4.2,17,0.001,6.8,3.4,1.5,-0.8,21,50.5,11.1,10.3,2,930
11.3,7.2,16.2,25,17.1,9.8,3.7,6.6,38,74,11,10,4.1,930
6.5,2.7,11.6,0.001,12.9,6.7,2.2,-3,29,52.6,11,8.4,0.1,950
9.5,5.2,13.9,0.001,6.3,4.2,2.2,2.5,43,62.9,10.9,9,1.8,970
9.8,3.8,17.3,0.001,7.2,3.5,1.1,4.5,44,71.8,10.9,9.1,-0.1,970
9.7,3.2,18.2,0.001,5.7,4.3,1,5.6,36,79.3,10.9,9.7,-2.5,970
8.1,1.9,15,0.001,5.2,3.9,1.1,3.6,45,76.1,10.8,8.1,-3.5,970
5.7,1.8,9.6,0.001,9.2,5,2.2,0.4,39,70.5,10.7,8.4,-2.6,940
4.1,-0.4,9.1,0.001,5.6,3.4,1.4,-5.1,16,56.9,10.7,6.7,-4,940
2.1,-2.2,6.7,0.001,8.1,4.4,1.8,-7.2,30,51.3,10.6,3.8,-7.4,850
1.6,-4.5,10.8,0.001,5.8,4.4,1,-5.8,25,62.8,10.6,3.2,-9,800
7.7,4.7,10.5,5,7.7,4.2,1.8,3.5,51,76.5,10.5,7.9,0.6,780
4.3,3.1,8.4,1,6.4,3.8,1.7,1.1,61,80,10.5,5.9,-1.3,780
4.6,0.8,8.5,0.001,7.7,3.8,1.9,-0.9,51,67.8,10.4,4.1,-3.1,780
5.9,2,8.8,0.001,8.6,3.8,1.9,0.1,44,66.8,10.4,4.1,-2.6,770
5.2,-2.1,11.9,0.1,6.6,4.7,1.5,1.7,47,80.3,10.4,4.5,-6.2,810
3.9,2.2,5.3,0.5,14.6,7,4.6,-1.3,54,69.4,10.3,3.3,-0.1,760
1.6,-0.9,4,1.5,12.2,5.5,3.3,-3.5,51,69.1,10.3,2.5,-2.6,760
-0.5,-3,3.9,0.001,9.3,4.4,2.2,-8.5,36,55.6,10.2,1.6,-4.7,755
0.2,-3.9,5.9,0.001,6.7,4.1,1.4,-5,45,69.1,10.2,1.1,-7.4,760
4.5,-2.2,7.9,2,11.5,5.2,2.6,-2.7,31,61.4,10.2,1.5,-6,750
1.4,-1.8,4.5,0.4,10.3,4.4,2.3,-5.9,30,59.5,10.1,0.5,-5.7,750
-0.5,-4.9,6,0.001,5.8,3.8,1.4,-10.2,21,50.6,10.1,-0.7,-9,750
0.001,-7.7,8.7,0.001,7.4,4.8,1.2,-10,15,53.9,10,-1.5,-11.2,750
3.4,-3,10.6,0.001,4.7,3.2,0.9,-3.7,33,62.1,10,0.9,-7.3,750
2.7,0.4,6.2,0.2,6.2,4.4,2,-0.4,56,80.8,10,3,-0.1,760
-0.5,-5,3,0.3,11.1,5,1.9,-9.2,28,54.9,9.9,0.9,-9.4,760
-2.2,-6.2,3.7,0.001,6.8,4.9,1.8,-18.8,12,28.6,9.9,-2.5,-11.5,760
2.7,-2.2,6.4,1,13.1,6.7,4.2,-3.9,48,61.8,9.9,-0.1,-8.5,750
-1.1,-5.3,4.6,0.001,5.6,2.9,1,-11.3,19,47.6,9.8,-0.9,-9.6,750
-1.1,-6.3,5,0.001,7.6,3.8,1.3,-11.8,23,46.8,9.8,-1.2,-10.1,730
-1.2,-6.4,4.7,3.5,12.2,6.2,2.7,-5.8,35,73.3,9.8,-1.1,-9.5,720
-5.6,-7.9,-2.5,0.001,15.7,6.2,2.9,-16.9,28,41.1,9.8,-0.2,-10.1,720
-4.3,-7.8,1.4,3,10.9,6,2.7,-13.5,33,50.6,9.7,-0.5,-9.5,720
-8.9,-12.3,-5.3,0.001,11.8,5.2,2.6,-19.7,23,42.6,9.7,-0.2,-5,800
-5.9,-11.8,-1.8,5.5,7.3,4.5,1.8,-9.3,41,77,9.7,-0.3,-6.4,810
-10,-15.2,-3.9,0.001,6.7,4,1.6,-17.9,28,54.6,9.7,-0.2,-4.9,850
-10.1,-17.8,0.3,0.001,5,3.2,0.8,-17.5,22,60.1,9.7,-0.4,-5.7,890
-8.2,-15.8,2.9,0.001,5.5,2.6,0.6,-16.9,14,57.9,9.7,-0.5,-13.4,930
-3.4,-13.7,5.4,0.001,6.7,4.5,1.4,-17.3,12,42.9,9.6,-0.5,-13.5,920
-0.1,-1.9,2.7,25.5,3.3,2.2,0.4,-3.1,18,81.8,9.6,-0.1,-4.8,900
-0.2,-4.1,5.9,0.001,7.2,4.2,1.5,-5.5,24,68.9,9.6,0.2,-0.4,860
-7,-11.9,-1.5,0.001,5.4,3.4,1.5,-14.6,23,56.9,9.6,0.2,-1.4,860
-4.3,-10.7,3.2,0.001,5.9,3.1,1.3,-16.3,19,41.4,9.6,-0.2,-2.1,760
-0.9,-7.2,3.8,0.3,5.7,3.8,0.9,-3.7,67,81.8,9.6,-0.1,-1.6,750
-10.8,-15.4,-5.3,0.001,8.7,4.1,1.9,-21.9,18,41.6,9.6,-0.8,-4.1,730
-11.1,-18.3,-1.1,0.001,4.9,3,0.9,-22.4,12,45.1,9.6,-1.1,-9.9,650
-4.8,-15,5.7,0.001,7.7,3.4,0.9,-17.1,15,42.1,9.6,-1,-10.6,625
-2.1,-5.6,0.1,5.5,5,3.3,0.9,-4.2,62,86.3,9.6,-0.5,-5.3,620
-10.9,-14.4,-6.7,0.001,10.1,4.3,2.3,-20.3,33,46.1,9.7,-0.3,-3.4,650
-11.3,-15.9,-4.7,1.5,12,5.2,2.8,-21.7,31,42.9,9.7,-0.2,-1.3,650
-14.5,-19.1,-7.5,0.001,7.1,3.8,1.8,-24.6,21,44.1,9.7,-0.4,-11.9,670
-12.9,-21.7,-0.1,0.001,4.7,3.3,0.6,-20.3,18,59.6,9.7,-0.6,-13.3,670
-6.8,-13.9,2.7,0.001,5.4,3.8,1.1,-18,13,46.4,9.8,-0.7,-11,680
-6.7,-12.4,1.2,0.001,5.7,3.2,1,-15.7,24,51.6,9.8,-0.7,-10.3,660
-9.3,-11.9,-4.9,0.001,7.1,3.7,1.8,-21.3,23,37.4,9.8,-0.8,-12.3,650
-9.2,-13.2,-3.5,0.001,7.5,3.9,1.7,-23,18,33.4,9.8,-0.9,-13.2,650
-7.2,-15.8,2.5,0.001,4,2.6,1,-15.2,24,56.5,9.8,-1.1,-13.9,610
-4.7,-11.4,2.2,0.001,10.1,4.6,1.7,-11,32,65.6,9.9,-0.7,-10.8,570
-4,-8.5,2.1,0.001,6.3,4.6,1.6,-9.6,38,67.5,9.9,-0.7,-9.6,500
-4.1,-8.4,-0.6,0.001,6.4,3.7,1.4,-10.7,45,60,9.9,-0.7,-10.1,520
-6.3,-8.9,-4.7,0.5,5.7,4.3,1.9,-9.3,64,79.3,9.9,-0.6,-6.2,520
-7.7,-15.9,1,0.001,6.9,4.1,1.3,-16.9,24,54.3,10,-0.5,-3.9,530
0.2,-0.3,0.9,21,2.6,1.8,0.3,-0.5,78,94.6,10.1,-0.3,-1.2,520
-1.1,-2.2,-0.2,3.5,4,2,0.4,-2.1,88,93,10.1,-0.2,-0.6,510
-1.2,-2.9,1.2,0.5,6.3,3.5,0.6,-3.6,71,83.9,10.1,-0.2,-0.6,520
-3.6,-8.9,0.3,0.1,12.7,6.4,3,-9,34,67.5,10.1,-0.1,-6.4,530
-11.3,-13.8,-7.7,0.001,11.4,4.5,2.6,-24.6,23,32.5,10.2,-0.2,-10.3,550
-6.1,-14.2,0.3,0.001,9.4,4.2,1.5,-13.1,34,59.6,10.2,-0.7,-11.4,530
0.5,-3.5,3.7,0.001,7.8,3.7,1.8,-4.6,54,68.9,10.3,-0.6,-5.8,530
1.3,-2.8,7.4,0.001,4.1,3,0.8,-2.5,45,77.5,10.3,-0.4,-4.8,530
2.6,-3.8,9.8,0.001,4.9,3.4,1.1,-1.9,46,74.6,10.3,-0.1,-5.4,530
6.7,1.5,9.4,20,10.5,5.1,2.8,4.1,63,84.3,10.4,0.2,-0.8,530
-0.4,-5.9,5.3,1.5,8.2,3.8,1.3,-4.4,48,75.5,10.5,0.2,-5.6,530
-2.5,-7.4,0.9,5.5,4.8,3.2,0.4,-4.2,67,88.5,10.5,0.1,-6.6,540
-1.8,-6.1,3.1,1,6.7,3.9,1.2,-5,59,79,10.5,0.1,-1.9,550
-11.1,-17.3,-5.7,0.001,16.6,5.2,2.6,-22.1,25,40.9,10.6,0.001,-4.1,550
-12.3,-20.3,-3.6,0.001,6.8,3.9,1.7,-21.5,32,47.5,10.6,-0.2,-5,536
-4.2,-7.9,0.001,0.001,8.7,4.3,2.1,-12.7,39,52.4,10.7,-0.4,-3.5,536
-5.2,-12.6,2.6,0.001,5.8,3.4,1.2,-15.1,18,50.1,10.8,-0.4,-4.7,574
-1,-7.4,6.6,0.001,4.5,3.1,0.8,-12.6,14,46.3,10.8,-0.4,-3.7,604
-2.4,-7.8,1.7,0.001,8.4,4.5,1.4,-13.1,19,45.6,10.9,-0.3,-10.3,604
-0.4,-3.1,2.2,0.001,8.2,5.5,2.5,-4.7,50,73.5,11,-0.2,-2.2,578
-4.4,-8.5,0.3,0.5,8.2,3.8,1.8,-11.6,23,61,11,-0.1,-6.7,558
-6.3,-11.1,-0.8,0.001,8,4,1.9,-20.5,20,32.9,11,-0.3,-8.8,550
-5,-9.4,-0.3,0.001,6.1,3.8,1.7,-16.3,29,42.3,11.1,-0.5,-10.5,540
-3.1,-9.2,2,0.001,11.4,5.3,2.2,-10.8,37,56.1,11.1,-0.6,-11.4,540
-2.3,-8,4.7,0.001,5,4.1,1,-9.8,28,59.8,11.2,-0.5,-10.3,530
0.9,-6.8,6.9,0.001,8.7,5,1.6,-5.1,38,66.8,11.3,-0.1,-7.8,530
3.1,-2,8.9,0.001,7,3.7,1.4,-8.2,21,47,11.3,0.1,-3.8,530
7.4,-0.6,13,0.001,14.5,7.6,2.7,-10.7,16,28.5,11.3,-0.4,-4.8,540
-0.8,-4,3.2,0.001,7.8,4.4,1.8,-9.1,39,53.3,11.5,-0.2,-7.3,540
3,-4.1,9.5,0.001,9.7,5.2,2.3,-12,15,36.9,11.5,1.2,-7.6,530
7.8,2.2,12.2,0.001,10.2,5.5,2,-7.9,21,32.9,11.6,1.9,-1.4,500
8.6,5.1,12.6,0.4,13,6,3.5,-3,22,47,11.6,3.1,-1,500
8.5,2.5,14,0.001,14.7,6.7,2.8,-3.8,28,43,11.7,2.8,-2.5,510
3.1,-6.5,12.1,0.001,6.6,4.5,1.8,-7.6,27,48.8,11.8,2.8,-10.1,500
9.8,2.8,16.4,0.1,8.3,4.8,2.6,-10.3,10,25.1,11.8,4.9,-4,490
-0.6,-3.9,9.1,19.5,8.2,5.4,3.1,-1.7,48,92.3,11.8,1.9,-2.9,490
0.2,-4.1,6,0.5,5.5,3.8,1.7,-5,44,69.4,11.9,3.3,-2.9,490
5,-0.6,11.2,0.001,7.8,4.8,2.5,-9.7,16,36.5,11.9,3.9,-5.4,500
9.3,4.2,16.4,17.5,8.5,4.2,1.9,1.5,29,63.5,12.1,9.5,3.6,500
7.7,1.1,14.6,0.001,7.5,4.7,2.3,-2.7,17,54.3,12.1,7.1,-3.5,520
-0.9,-5.3,5.3,10.5,8.3,5,2.5,-2.4,59,89.5,12.1,2.8,-2.9,560
0.5,-9.1,7,0.001,7.9,5.5,2.3,-12.3,18,42.1,12.2,2.7,-4.7,550
4.1,-0.5,8.7,0.001,8.7,4.4,2.3,-12.1,13,34.8,12.2,2.9,-4.5,550
-1.5,-3.4,0.3,0.5,6.2,4.5,2.4,-3,83,88.9,12.3,4.1,-5.3,560
2.7,-6.8,10.9,0.001,5.5,3.9,1.5,-10.3,16,45.6,12.4,4,-9.4,560
7.5,2.2,15.4,0.001,7.3,4.7,1.9,-7.3,13,37.8,12.4,6.5,-4.8,560
8.6,1.9,15.5,0.001,6.2,4.1,1.8,-4,32,41.1,12.5,7.9,-5.1,550
2.9,-1.2,11,0.001,6.5,4.5,1.9,-5.3,19,58.6,12.5,7.5,-6.8,540
6.5,-2.3,14.4,0.001,6.5,4.6,1.6,-5.2,16,49.8,12.6,7.6,-5.9,540
4.6,1.8,9.3,2.5,7.7,5.4,1.4,1.3,58,80.3,12.6,7,-1.1,540
9.2,1.1,17.5,0.001,7.7,4.1,1.9,-3.3,22,45.1,12.7,10.3,-2.1,540
6.2,1.4,12.2,0.001,6.7,4.8,2.1,-0.9,35,61.6,12.7,10.2,-3.4,540
10,-0.5,18.8,0.001,7.5,4.5,1.4,-0.8,17,53.4,12.8,10.8,-4.8,540
6.3,-1.2,11.6,0.001,12.1,5.4,2.8,-6.1,25,42.9,12.9,6,-3.6,520
3.4,-0.2,7.6,0.1,13.9,6.8,3.9,-7.9,18,46.9,12.9,7.1,-1,520
1.1,-2.2,5.5,0.001,9.1,4.3,2.5,-8.2,35,50,13,6.2,-6.5,520
1.6,-2,5,1,12.3,5.6,2.6,-6.4,38,57.3,13,3.1,-3.9,500
2.8,-2.1,6.9,0.001,8.2,4.1,2,-7.5,35,47.6,13,6,-4.5,500
5.5,-1.2,11.1,0.001,8.9,4.8,1.7,-8,22,37.8,13.2,5.4,-4,500
14,2,22.9,0.001,14.8,7.5,4,2.1,26,51,13.2,12.5,2.3,500
2.5,1.6,3.8,1,6.4,3.9,1.9,1.7,94,94.9,13.2,5.9,1.8,500
7,1.8,14.3,0.001,10.7,6.3,2.6,1.5,35,71.4,13.3,9.9,1.3,500
3,0.001,7.3,0.001,6.8,4.6,2.2,-3.7,43,62.3,13.3,8.7,-1.7,500
8.6,-1.1,16.3,0.001,6.4,3.8,1.2,-4.8,19,44.1,13.4,11.6,-4.3,510
9.4,8.2,12.1,5.5,7.3,4.7,2.3,2.7,27,67.4,13.4,9.2,6.7,560
12.1,8.9,17.3,1.5,9,4.6,1.8,4.3,31,63.3,13.5,13.7,5.1,560
8.6,3.8,14.7,5.5,9.8,5.3,2.2,-0.5,22,56.5,13.5,10.3,2.5,610
6.6,3.4,12.3,3,8.8,4.3,2,0.5,39,66.9,13.6,11.3,0.6,620
12.7,8.4,16.1,3.5,15.7,8.1,4,3.2,29,54.8,13.7,11.9,5.9,650
10.2,5.6,17.5,0.001,9.2,6.2,2.7,-2.3,21,47.6,13.7,13.9,3.9,670
4.5,2.4,9.8,8.5,6.3,4.8,1.4,3.1,70,91.3,13.8,8.1,0.7,670
8.5,1.3,14.4,0.5,5.7,3.8,1.3,3.5,44,73.5,13.8,12.1,1.4,670
15.2,9.2,24.9,0.001,7.8,5.6,2.6,2.6,22,47.6,13.9,18.3,6.3,670
12.4,6.4,19.8,0.001,6.6,4.8,1.7,6.4,38,69.6,13.9,19,2.6,690
17.7,6.1,28.2,0.001,6.5,4.4,1.4,5.4,19,51.3,14,19.9,2,690
17.1,9.5,25.5,0.001,7.9,4.7,1.7,3.9,14,47,14,17,3.5,690
14.1,10.5,19.1,4,9.3,5.6,2.6,10,51,77.3,14,14.9,8.1,700
20.2,13.3,27.3,0.001,12.3,5.1,2.7,2.8,16,34.6,14.1,20.1,8.6,710
17.9,9.8,25.7,0.001,7.6,4.6,1.4,5.1,18,46.8,14.1,19,5.2,750
13.7,8.8,20.3,0.001,8.3,5.7,2.7,7.8,36,70.9,14.2,18.7,6.7,815
9.9,6.8,15.6,0.001,6.7,4.3,2.4,6.7,58,81.6,14.2,19.4,3,785
15.1,11.5,20.1,0.001,10.6,5.3,2.3,6.8,34,60.4,14.3,19.1,7.1,860
17,4.7,26.2,0.001,7.1,4.1,1.8,-0.8,13,35.5,14.3,20,0.3,915
17.5,12.2,26.5,0.001,6.6,4.6,1.6,6,27,49.6,14.3,18,8.5,930
17.4,10,24.9,0.001,6.3,4.6,1.6,11.4,46,71.1,14.4,22.6,6,930
21.4,11.1,31.5,0.001,5.1,3.5,1.1,10.5,22,56.5,14.4,24.4,6.8,910
16.9,14.4,20.1,27,8.9,4.7,2.3,13.1,62,79.1,14.5,18.2,14,875
17.8,14.9,22.9,29,7.4,5.2,2.7,16.4,78,91.9,14.5,18.9,14.6,885
17.1,13.5,21.6,0.001,8.2,5.2,2.2,12.7,56,76.6,14.5,19.5,12.6,910
18.1,10.3,24.3,0.001,7.5,3.9,2.1,5.6,27,46,14.5,20.8,7.9,900
19.5,8.8,28.5,0.001,6.3,4.1,1.3,5.7,19,44.3,14.5,22.8,6,870
16.5,7.9,24.7,0.001,6,4.6,1.5,9.8,38,68.3,14.6,23.7,5.5,900
19.3,11.5,27.6,0.001,4.9,3.8,1.1,13.5,43,72,14.6,23.4,9.2,870
18.5,12.6,25.8,4,5,4,1.1,14.7,47,80.5,14.6,21.7,10.3,840
18.3,11.7,25,0.001,5.9,4.8,1.7,13.7,44,77.4,14.6,25.8,12.9,810
17,9.8,24.8,0.001,6.9,4.6,1.9,11.1,41,72.3,14.7,26.1,6.9,800
14.4,9.3,18.4,5.5,5.2,4.2,1.5,12.3,67,88.3,14.7,20.5,6.8,740
20,14.9,26.3,5,6.2,3.9,2,17.2,56,85,14.7,21.7,15.3,790
19.3,17.8,22,2,4.9,3.9,1.4,17.3,79,88.5,14.7,23.7,17.8,800
19.5,16.3,25.3,1.5,5.2,3.4,1.1,17,63,87,14.7,22.1,14.4,810
21.4,17.6,26.6,0.001,7.2,4.9,1.8,13.9,47,63.5,14.7,25.5,14.2,790
19.4,18.1,20.7,63.5,4.9,3.6,1.1,18.6,76,95.4,14.7,21,18.1,810
20.4,17.4,27.9,9,5.3,4.2,1.5,17.7,53,85.6,14.7,23.9,17.2,830
21.6,16,27.8,0.001,5.4,3.8,1.2,16,37,73.8,14.7,25.6,15.1,810
18.7,16.8,21.7,3.5,6.7,4.7,2.2,17.1,78,91.4,14.7,21.5,17.1,780
19.4,13.8,25,0.4,4.9,3.7,1.1,15.5,51,80.3,14.7,23.6,11.7,740
20.4,15.3,28,0.001,5.4,4,1.6,16,49,78,14.7,25,15.5,700
18.7,16.7,22.6,0.001,6.3,4.6,2.1,15.5,67,82.6,14.7,22.4,16.4,690
19.8,16.4,25.5,1,5.6,4.3,1.5,16.9,60,84.6,14.7,25.6,16,690
19.8,17.1,26.8,1,4.7,3.4,1,17.1,53,85.9,14.7,23.6,17,690
22.1,16.6,30.1,0.001,5.4,3.9,1.2,18.1,47,80,14.7,25.3,16.9,620
22.7,17.5,26,10.5,15.3,7.6,3.4,19.2,67,81.4,14.7,21.1,16.1,610
24.2,20.7,28.9,2.5,10.4,4.8,2.8,16.8,37,65.3,14.7,24.8,19.5,710
23.3,19.1,26.3,0.5,7.8,4.4,2,19,65,77.3,14.7,22.2,17.2,700
20.2,17.6,23.5,14,4.9,3.2,1.3,18.4,77,90,14.7,21.6,17,760
24.4,22.1,26.9,3,12.8,6.1,3.5,20.4,69,78.6,14.6,23.5,21.2,670
25.1,24.1,28.6,0.001,11.7,6.3,3.2,19.7,58,72.3,14.6,24.5,23.2,640
26,23.9,28.6,0.001,9,4.6,2.6,21,64,74,14.6,26.6,22.6,630
25.7,24.5,27,0.3,9.2,4.2,2.7,20.4,68,72.9,14.6,25.4,22.1,570
23.3,21.9,25.2,0.5,11.8,5.8,3.5,17.7,61,71.3,14.5,21.8,19.7,520
20.4,18,23.3,77.5,7.2,4.5,1,19.9,90,96.8,14.5,20.4,18.1,540
24.6,19.9,28.7,0.001,13.1,6.4,3.9,19.1,56,72.8,14.5,25.9,18.5,670
23.1,21.9,24.6,0.4,12.2,6.3,2.9,20.1,69,83.6,14.4,22.2,21.2,650
22.4,20.7,28,11,5.9,4.1,1.1,20.4,63,88.9,14.4,24.4,19.5,680
23.9,20,29.4,0.001,6.3,4.3,1.7,19.6,52,79,14.4,27.2,19.4,650
22.8,21.4,25.6,43,5.9,3,1.1,21.2,77,91.5,14.3,22.7,20.9,650
23.6,21.5,25,7,9.3,4.5,2.6,21,76,85.8,14.3,23,20.5,680
24.1,21.9,27.4,0.5,12,6.4,3.3,19.5,62,76.3,14.3,24.3,20.2,670
23.6,20.5,28,0.001,8.5,3.9,2.1,16.7,50,66,14.3,25.9,17.9,680
23.8,19.4,29,0.001,6.8,4.2,1.6,17.5,47,69.4,14.2,27.1,17.5,660
25.2,19.3,31,0.5,9.4,4.8,1.8,20.5,49,77,14.1,26.4,17.3,700
23.5,17.1,31.2,0.2,5.3,3.8,1.3,19.4,43,79.4,14.1,27.6,15.3,690
24.3,20.1,28.8,4,8.3,5,2.1,20.8,61,82.1,14.1,25.2,18.8,710
22.4,18.3,28.3,0.001,5.9,4.6,1.7,20,55,87.1,14.1,26.4,16.5,710
22.9,20.5,27.5,2.5,5,3.4,1.3,21.5,74,92.1,14,25.4,20.7,710
25.4,20.9,31.7,2.5,5.8,4,1.9,19.8,48,72.1,13.9,27.8,18.9,680
25.7,21.5,30,0.001,6.9,4.6,2.3,20.3,56,73.3,13.9,26.4,19.5,670
27.6,23.7,32,0.001,7.3,3.3,1.7,21.6,53,70.6,13.9,28.7,21.8,680
28.1,24.7,32.4,0.001,9,4.6,2.7,20.3,44,63.9,13.8,29.9,22.4,660
27.6,25.7,30.8,0.001,10.2,5.3,3,21.7,61,70.4,13.8,27.4,23.9,680
26,20.4,34.2,0.001,5.8,4.1,1.3,17.2,30,63.6,13.7,30.9,17.8,670
25.8,19.6,33.7,0.001,5.3,3.8,1.5,17.6,29,66.1,13.7,31.5,16.9,750
25.5,18.5,35.6,0.001,5.1,3.6,1.5,17.6,31,66.6,13.6,31.8,15.1,750
26.1,21.9,31.5,0.001,6.7,4.2,1.9,18.3,40,63.9,13.6,32,18.9,750
24.7,21.4,28.8,0.001,6.5,3.8,1.6,19.7,57,74.8,13.5,27.3,19.5,800
22.5,17.3,28.9,0.001,7.2,5,1.9,17.8,41,77.5,13.4,30,14.7,800
22.5,20.1,25,0.001,4.5,3.4,1.4,20.1,74,87,13.4,26.4,18.9,870
25.8,21.5,32.1,1.5,6.5,4.1,1.6,21.3,51,78.5,13.4,30.7,20.5,870
22.2,20,25,12,7,3.8,1.1,20.1,69,88.3,13.3,24.3,17.7,880
20.1,14.3,28.4,0.5,6.9,4.7,1.2,14.9,36,75.9,13.2,26.1,12,900
21.1,15.5,27.9,0.001,6.2,3.7,1.3,14.9,37,72,13.2,25.7,12.9,900
21.4,15.9,29.3,0.001,6.2,4.3,1.4,16,43,74.5,13.1,25.8,14.4,890
21.9,18.2,25.5,11.5,14.6,7.5,2.9,19.1,67,84.9,13.1,22.4,16.5,890
23.4,19.9,29.4,0.001,5.8,3.6,1.4,16.8,36,68.9,13.1,25.2,18.2,930
17.8,13.5,25.5,0.001,6,4,1.4,14.5,40,83.8,13,23.2,14.1,850
15.3,12.1,19.4,0.001,4.9,4.1,1.3,13,68,87.1,12.9,20.1,10.7,840
14.3,10.5,19.5,0.001,8.1,5.7,2.4,11.1,62,82.3,12.9,19.6,8.4,840
15.1,8.6,20.8,0.001,5,3.8,1.5,11.9,52,82.8,12.8,19.7,6.1,840
15.2,13.6,18.5,4.5,4.1,2.8,0.8,13.8,78,92,12.8,18.4,13.2,850
17.4,11.7,25.3,0.001,5.1,3.9,1.1,14.1,46,82.6,12.7,20.6,9.4,840
18.9,13.2,26.4,2,4.8,3.5,1,14.6,42,79.3,12.6,21.4,11.6,860
18.4,16.4,20.7,13.5,5.9,4.3,1.3,17.2,82,93.3,12.6,20,16.3,840
18.8,16.5,22.8,1.5,5.3,4,1.3,17.9,76,94.6,12.6,20.7,14.7,850
21.9,18.3,25.4,0.001,10.7,5.6,3.1,18.5,67,81.8,12.5,22.1,18,850
15.3,11.2,21.8,0.001,6.8,5.1,1.7,12.3,60,84.4,12.4,19.3,8.7,870
17.8,9.5,26.6,0.001,5.7,3.7,0.9,12.8,43,76.5,12.4,20.1,7.3,880
17.1,12.3,24.5,0.1,4.5,3.1,1,14.5,57,86.1,12.1,20.3,11.3,830
17.7,12.3,22,1.5,4.9,3.7,1.3,16.3,72,92.4,12.1,18.7,11.1,760
13.1,10.9,18.3,4.5,8.3,5.3,2.4,12.5,89,96,12.1,17.6,9.8,760
12.1,9.2,16.8,0.001,7.4,5,1.4,10.4,53,90,12,17.2,7.7,740
13.1,6.5,21.4,0.001,5.8,4.3,1.4,7.7,34,75.5,12,17.3,5.9,680
15.8,14.7,19.1,20,6.4,4.9,1.5,15.5,89,98.5,11.9,18,14.6,700
15.7,13.7,21,1,4.8,3.6,1.5,14.6,70,94.1,11.8,18.9,13.9,640
16.1,13.4,20.7,0.001,6.6,3.8,1.3,12.6,55,81.5,11.8,17.7,12.5,640
12.1,3.4,21.5,0.001,5.3,4,1.1,6.6,27,74.8,11.7,15.2,0.7,640
17.9,15.6,24.4,1.5,4.9,3.6,1.2,16.9,70,94.9,11.6,19.7,15.5,600
16.3,14.8,17.6,48,13.5,6.7,2.4,15.9,94,97.8,11.6,17.5,14.1,600
14.6,8.3,19.5,0.1,4.9,3.5,1.2,12.7,63,89.3,11.5,16.2,7.5,600
15.4,10,18.7,0.001,11.6,6.3,3.2,7.2,36,59.6,11.4,15.7,8,580
12.6,4.9,24.3,0.001,7.7,3.9,1,5,20,68.3,11.3,12.9,2.7,520
7.3,4.9,12.2,8,12.8,6.3,3.2,6,78,91.9,11.3,10,3.8,520
5.1,0.6,9,0.001,10.7,5.7,2.9,0.9,60,76,11.2,8.7,-2.1,520
6.4,-1.1,16.2,0.001,5.9,3.8,1.1,2.3,36,80.4,11.2,8.7,-4,520
8.2,1,15.9,0.001,4.9,3.8,0.9,4.4,45,80.3,11.2,9.5,-2,500
9.7,6.5,13.8,0.5,7.5,4.7,2.5,7.5,60,87.1,11.1,12.6,4.6,500
9.7,8.9,10.9,2,7.8,4.5,2.6,8.3,85,91.6,11,10.8,8.2,500
10.3,8.4,12.6,0.1,5.6,3.8,2.1,8.6,76,89.8,11,12.5,6,520
10.4,4,18.8,0.001,5.1,3.5,1.1,5.2,37,74.6,10.9,11.8,1.1,500
6.6,0.4,16.2,0.001,6.4,4,1.3,0.3,17,71.5,10.9,8.9,-2.5,500
6.6,-0.9,17.9,0.001,4.9,3.6,0.8,-2.3,19,62.4,10.8,6.3,-4.6,500
9.3,-1,17.5,0.001,8.6,4.4,1.3,0.6,21,59.3,10.8,7.4,-3.3,500
8.6,3.6,14.4,0.001,5.9,2.9,1.1,1.9,29,66.3,10.7,8.4,0.4,500
8.3,1.5,19,0.001,4.8,3.5,0.8,3,29,76.4,10.7,8.1,-1.3,500
9.2,2.8,17.7,0.001,6.3,4.1,0.9,5.7,41,81.8,10.7,8.8,0.2,480
6.8,0.6,12,0.4,7.9,5.2,1.7,3.9,52,83,10.6,6.5,-2.7,475
6.7,-2.3,16.4,0.001,5,3.7,1.2,-0.7,27,66.1,10.5,4.9,-5.7,450
10.3,8.1,12.3,0.001,8.4,4.2,2.5,4.9,50,69.8,10.5,7.6,4.4,490
9.5,3.7,13.8,0.001,12.2,5.2,2.5,-1.8,19,48.8,10.5,8.4,0.3,490
4.4,-0.9,10.7,0.001,4.9,3.7,1.1,-2.7,17,64.1,10.4,3.5,-3.5,490
-0.1,-3.6,6,0.001,7.5,4.1,1.8,-10.5,27,47,10.3,2,-5,490
0.2,-3.7,5.1,0.001,8.5,4.3,1.3,-10.1,29,47.3,10.3,1.2,-5.9,490
1.1,-6.1,10,0.001,5.1,3.7,0.9,-5.8,28,64.3,10.3,1.1,-8,490
5.4,1.8,8.6,0.001,7.1,4,2.4,-6.6,19,42.5,10.2,2.1,-0.4,480
5.7,-0.2,12.1,0.001,6.1,3.9,1.5,-1.1,26,65.1,10.2,4.7,-2.7,490
-2.1,-3.8,0.8,0.001,12.5,5.6,3.2,-11.9,31,47.4,10.1,-0.9,-5,490
-2.3,-5.8,1.2,0.001,10.1,3.9,2.3,-9.5,46,58,10.1,-1,-6.9,490
-1,-3.8,3.3,0.001,9.5,4,2.2,-11.2,30,46.4,10.1,-0.8,-5.4,500
0.2,-3.6,6.2,0.001,7.5,4,1.8,-8.4,35,53.5,10,-0.7,-5.7,510
1.9,-2.7,7.5,0.001,7.2,3.9,1.6,-8.3,25,48.8,10,-0.4,-5.6,510
2.7,-2.9,10,28,14.9,7,4.4,-2.3,43,71,9.9,3.3,-4.2,510
-1.3,-4.9,1.1,0.001,10.2,4.4,2.8,-10.6,30,50.9,9.9,-1.2,-6.3,510
-2.6,-8.2,0.7,2.5,13.6,5.1,2.4,-6.3,50,76.4,9.9,-0.2,-6.1,520
-6.7,-9.4,-3.2,0.001,9.7,4.4,2.4,-14.3,41,55.3,9.9,0.001,-9.6,520
-3.7,-8,0.6,0.001,10.3,4.1,2.3,-13.5,30,47.5,9.8,-0.1,-11.6,520
1.3,-1.8,4.2,0.001,8.5,4.4,2.2,-6.3,29,58.1,9.8,-0.9,-3.6,520
1.4,-2.5,5.8,0.001,7.1,3.5,1.4,-4,41,68.5,9.8,-1.1,-4.5,520
2.5,-3.6,8.1,0.001,7.5,4.1,1.4,-6.1,26,58.1,9.8,-1.2,-6.2,530
3.6,1.7,6.8,0.001,7.8,4.5,2.3,-4.8,35,54.1,9.8,-0.4,-1.2,530
0.6,-2.1,4.2,0.001,5.3,3.3,1.5,-10.1,24,45.9,9.7,-1.3,-4,510
3.9,-2.4,6.6,8.5,8.9,4.8,2,1.2,64,83.5,9.7,0.3,-3.5,430
-1.1,-3.9,1.5,0.1,6.9,3.4,1.9,-4.8,64,76.1,9.7,-0.1,-5.2,420
-4.3,-7.5,-1.5,0.1,9.3,4.1,2.4,-11.4,40,58.3,9.7,-2.1,-8.6,420
-4.4,-8.8,-0.4,4.5,10.1,4.9,2.8,-11,35,62.9,9.7,-3.2,-10.2,430
-8.9,-10.6,-3.1,0.001,13,4.6,2.7,-17,38,52.3,9.6,-0.5,-9.5,420
-4.7,-12.7,3.2,0.001,3.6,2.7,0.6,-11.7,20,63.3,9.6,-1.7,-15.9,420
-2.4,-7.1,0.8,0.5,4.7,3,1.1,-4.2,65,87.6,9.6,-1.1,-10.8,450
-0.8,-1.4,0.5,0.5,5.7,3.6,1.6,-1.6,86,94.3,9.6,-0.3,-1,440
-4.6,-9,-1.4,0.1,9.9,4.1,1.8,-9.5,45,69.5,9.6,-0.3,-4.2,440
-5.2,-11.4,0.4,0.001,9.4,4.8,2.1,-11.1,42,64,9.6,-0.5,-5.6,440
-5.4,-10.5,2.8,0.001,5.4,3.8,1,-10.9,24,70.5,9.6,-1.1,-10.8,435
-5.4,-11.8,2.5,0.001,6.2,4.3,1,-9.6,32,75.1,9.6,-1.3,-12.4,430
-1.9,-4.5,0.8,0.2,7,4.1,1.6,-7.7,51,65.1,9.6,-0.5,-4.8,430
-6.8,-10.7,-1.9,0.001,7.6,3.9,1.9,-13.7,39,58.8,9.6,-0.8,-11.3,420
-0.6,-3.3,2.1,0.001,11.3,4.8,2.8,-7.8,43,58.5,9.7,-0.7,-5.8,430
0.5,-2.5,2.6,0.001,12.9,5.4,3.1,-8.2,40,52.3,9.6,-0.8,-7.3,450
-1.1,-5.1,3.7,0.001,6.8,2.8,1.2,-13.1,23,41.4,9.7,-1.1,-10.2,450
1.6,-5.5,5.7,0.001,5.8,3.4,1.4,-10.7,25,42.1,9.7,-1.2,-10.5,440
-4.2,-10.3,4.3,0.001,5,3.5,0.8,-11,27,64.6,9.7,-1.7,-13.9,440
-1.4,-8.5,3.1,0.001,7.3,3,1.2,-8.1,39,61.6,9.7,-1.5,-13.1,450
-0.5,-3.6,3.3,0.001,5.6,3.3,1.1,-5.1,55,71.9,9.8,-0.8,-6.7,450
-8.5,-11.7,-3.6,0.001,7.1,3.4,1.8,-22.5,18,33.1,9.8,-2.1,-14.1,460
-7.3,-12.5,-2.7,0.001,7.8,4.2,2.1,-17,24,46.6,9.8,-3.3,-14.7,450
-8.8,-13.9,-1.5,0.001,6.8,3.9,1,-19.7,15,46.3,9.9,-4.3,-17.4,430
-7.3,-13.4,-0.1,0.001,4.9,2.9,0.9,-18.9,19,42.9,9.9,-4.8,-17.2,430
-5.6,-12.4,1,0.001,7.2,3.4,1.2,-17,22,42.3,9.9,-4.4,-15.8,430
-4.6,-11.8,1.3,0.001,5.6,3.6,1.3,-11.8,40,58.3,9.9,-3.9,-15,430
-3.5,-8.8,1.4,0.001,5.8,2.8,1,-10.9,33,59.3,9.9,-3.3,-12.6,430
-2.7,-5.3,1,0.7,8.5,4.1,2.1,-6.4,33,76.6,10,-2.4,-6.5,430
-6.4,-10.6,-2,0.3,6.5,3.4,1.6,-10.5,47,73.4,10,-1.8,-14.3,410
-7.6,-12.8,-0.7,0.001,7.5,3.4,1.1,-14.9,20,61.8,10.1,-2.3,-16.1,430
-2.7,-13,8.1,0.001,8.5,4.8,1.5,-15.6,17,46.1,10.1,-3,-17.1,430
1.8,-3.3,5.1,0.001,9.1,5.7,3.6,-5,28,61.1,10.1,-1.6,-6.3,430
-0.5,-8.8,4.7,0.001,10.4,5.6,2.7,-19.5,12,29.4,10.2,-2.8,-11,410
1.2,-2.9,5.7,0.001,9.5,4.9,2.2,-9.2,13,48.5,10.2,-1.2,-5.9,410
2.3,-8.1,10.8,0.001,12.3,6.2,1.9,-15.9,10,31.5,10.3,-2.6,-10.7,410
-1,-8,5.8,0.001,7.1,4.2,1.5,-8.8,28,58.8,10.4,0.8,-8.7,410
-8.8,-11.5,-4.8,0.001,7.3,3.7,1.6,-20.6,23,39.6,10.5,-4.8,-12.7,420
-8.4,-13.6,-0.6,0.001,5.6,4.3,0.9,-16.8,24,53.5,10.5,-4.9,-15.1,410
-5.2,-9.8,-1.1,0.001,6.5,4.3,1.3,-10.2,43,69.4,10.5,-3.5,-11,410
-2.5,-4,-1,8.5,7.1,4.5,2.4,-3.5,84,92,10.6,-2,-4.5,410
-6.1,-7.3,-4.1,3,6.6,3.8,2.1,-7.6,79,88.4,10.7,-0.8,-1.5,420
-6.8,-10.5,-1.7,0.1,4.5,3.1,0.8,-9,59,85.3,10.7,-0.7,-1.4,420
-6.7,-13.9,1.9,0.5,4.9,3.8,1,-9.6,44,81.5,10.7,-0.6,-2.5,420
-4.3,-8.6,-2,1,7,4.4,1.6,-5.6,85,90.3,10.8,-0.6,-1.5,420
-3.6,-5.4,-2.1,0.5,4.8,3,1.4,-5.5,75,85.9,10.8,-0.5,-1,416
-1.3,-3.2,2,1,7.6,4.4,1.9,-3.8,53,83.5,10.9,-0.5,-2.1,410
-4.6,-5.8,-3.1,2,7.6,4.3,2.2,-6.5,75,86.4,10.9,-0.4,-0.8,410
-3.3,-5.9,2.5,0.001,4.8,3.5,1.1,-7,48,76.4,11,-0.4,-1.3,410
-3.5,-8.3,3.3,0.001,5.6,3.6,0.9,-7.5,36,77.6,11,-0.5,-3.1,410
-3.3,-9.4,5.1,0.001,5.7,4.3,1.1,-6.4,41,80.8,11.1,-0.6,-4.6,410
0.8,-6.3,8.4,0.001,5.9,3.6,1.1,-5.8,35,65.6,11.2,0.001,-4.4,406
3,-3.8,12.8,0.001,4.4,3.1,0.9,-4.3,26,64.8,11.2,0.2,-3.6,406
2.2,-5.8,9.8,0.001,4.6,3.2,0.8,-3.7,28,69.3,11.3,0.2,-5,376
6.2,0.2,13.9,0.001,8.1,3.8,1.2,-2,25,62.6,11.3,0.2,-1.9,380
1.7,0.4,5.8,0.001,7,4.8,2.2,0.1,60,89.6,11.3,0.2,-1.4,384
-0.7,-7.8,7.8,0.001,5.8,3.9,0.9,-8.8,20,61.5,11.5,0.2,-12.3,386
2.1,-3,8.6,0.001,5,3.4,1.3,-9.1,21,47.3,11.5,0.2,-4.8,388
-3.9,-10.1,0.5,3,7.9,5.3,2.2,-6.5,47,83.8,11.5,0.001,-7.1,408
-5.3,-13.2,1.3,0.001,8.5,4.2,1.5,-13.2,25,59.4,11.6,-0.2,-9.5,428
-3.8,-8.4,1.1,0.001,7.9,3.9,1.8,-17.3,19,36.1,11.6,-0.4,-10.8,420
-1.9,-10.8,4.7,0.001,6.6,3.7,1.1,-13.6,24,43.9,11.7,-0.9,-12.8,440
3.4,-4.2,9.4,0.001,9.9,5,2.1,-12,22,32,11.8,-1,-5.9,444
3.6,-0.6,6.7,7.5,7.6,4.7,1.7,-2.2,22,71.4,11.8,-0.3,-2.8,438
-2.4,-3.9,1.7,17.5,12.1,6.4,3.1,-3.5,82,92.3,11.8,0.2,-0.8,440
-1.4,-6.9,4.1,0.1,6.3,3.9,1.2,-6.9,40,68.4,11.9,0.2,-7.4,430
12,4.9,17.5,0.4,11.3,5.8,2.9,0.3,20,47.5,12,4.6,2.6,430
8.1,2.2,14.6,1.5,11.2,7,3,2.8,36,72.4,12.1,7.2,1.8,430
3.8,0.5,8.2,0.5,5.3,3.9,1.3,-0.6,48,74.9,12.1,3.1,-1.3,420
0.5,-1.9,2.5,9.5,7.4,4.5,1.8,-0.1,78,95.6,12.1,1.1,-1.7,420
0.4,-5.6,4.2,0.2,5.9,3.4,1.5,-5.2,53,66.8,12.2,0.4,-5.1,420
8.7,0.7,14.4,0.001,10.1,5.5,2.4,-6.3,17,37.9,12.3,5.1,-1.8,420
12.3,8.9,16.8,0.001,8.1,4.3,2.3,3.9,37,58,12.3,9.4,6.5,420
10.7,5.3,16.2,0.4,4.9,3.8,1.2,6.3,49,76.6,12.4,9.5,2.4,420
10,2.2,18.3,0.001,6.1,4.5,1.1,2,25,64.8,12.4,9.2,-0.6,420
13.7,3.7,21.6,0.001,7.6,4.4,1.3,0.4,20,46.3,12.4,10.9,1.1,424
8.2,0.8,16.9,0.001,5.2,4,1.2,0.4,25,63.5,12.6,8.3,-2.3,424
9.7,1.2,19.9,0.001,5.5,4,1,-1.3,19,52.3,12.6,9.3,-1.4,426
11.3,3,20.7,0.001,6.8,4.1,1.1,-2,17,46.3,12.6,10.8,0.6,436
6.2,-1,16.2,14,7.9,5,1.8,1.2,21,75.4,12.7,7.9,0.1,440
0.5,-1.5,6.3,9.5,11.2,5.8,2.3,-2.1,46,85.3,12.7,1.3,-0.9,440
10.6,3.9,16.7,0.001,12.1,5.1,2.6,-4.5,25,35,12.8,9.1,1.4,440
10.5,4.1,18.2,0.001,6.2,4.4,1.6,-1.9,16,46.3,12.9,11.7,1.3,440
12.5,1.5,21.3,0.001,6.5,3.9,1.3,-2.3,16,41.9,12.9,12.3,-1.5,430
6.9,2.6,13.3,0.001,7.7,5,2.2,-3.8,23,49.3,13,8.4,0.001,430
7.7,-0.4,16.6,0.001,6.9,4.8,1.4,-0.3,31,59.8,13,10.6,-2.9,430
11.3,-0.5,20.5,0.001,6.4,4.1,1.3,0.3,26,50.4,13.1,11.3,-4.3,440
16.7,11.9,22.7,0.001,10.6,5,2.3,3.8,33,43.6,13.2,15.6,8.3,440
15.7,9.7,21.1,0.001,7.5,5.2,1.9,5,30,50.6,13.2,15.6,7.2,460
11,6.7,18.6,5,8,5.7,2,5.5,28,73.5,13.2,13.3,3.5,480
6.5,5,9.5,0.5,7.2,4.2,2.2,6.3,92,98.9,13.3,9.4,5,490
12,6.3,19.1,0.001,7,4.6,1.8,0.6,17,49.5,13.4,14.1,3.2,500
10.1,4,17.7,0.001,7.3,4.8,1.5,-1.9,21,47.3,13.4,12.3,0.9,500
12,3.5,21.5,0.001,6,3.9,1.1,-2.2,15,42.3,13.4,14.5,0.3,500
13.4,3.4,22.4,0.001,9.1,4.5,1.2,-1.2,17,42,13.5,15,0.2,500
14.3,4.9,24.5,0.001,6.6,3.9,1.1,-1.6,11,40.9,13.5,16.8,1.7,500
9.1,8.6,9.8,32,7.6,4.3,2.1,7.5,83,89.8,13.6,10.5,8.4,500
9.4,8.3,10.1,37.5,9.6,5.6,3.7,7.9,89,90.8,13.6,10.1,8.2,500
9.5,7.1,12.6,1,5.2,4.2,1.9,8.6,80,94.3,13.6,12.2,7.5,500
16.9,11.5,23.3,0.001,12.2,5.5,3,3.2,18,42.8,13.8,18.1,9.1,500
14.2,5.5,21,0.001,11.4,6.5,2.6,-5.5,13,27.9,13.9,16.2,1.7,500
12,9.5,17.3,7.5,12,5.7,2.5,5.7,38,67.1,13.9,14.9,6.8,500
10.8,5.1,18.2,0.001,7.3,5.3,1.8,0.9,28,55.6,14,15.5,2.2,500
15.3,12.9,17.8,7.5,13.4,6.7,4.2,7.2,42,60.4,14.1,16.7,10.4,500
18.8,12.3,24.9,0.001,11.6,5.7,2.9,3,20,36.9,14.1,18.8,7.8,500
18,11.7,25.6,0.001,9.2,4.9,1.8,5.9,21,49.3,14.1,19.2,7.6,500
15.8,12.3,21.4,0.001,11.8,4.6,2.1,3.1,24,45.5,14.2,17.4,7.3,490
15.7,10.2,22.6,0.001,9.7,4.5,2.2,1.3,20,40.5,14.2,19.8,4.7,490
17.7,7.6,26.7,0.001,7,4.6,1.5,5,18,50.3,14.3,21.8,3.6,490
15.9,11.2,22,0.001,4.5,3.4,1.1,7.4,35,60.1,14.3,18.2,7.3,490
15.1,10.1,22.3,0.001,7.4,5.1,1.7,8.6,32,68.9,14.3,20.4,6.4,490
14,9.2,22.1,0.001,8.3,5.8,2.1,10.3,39,80,14.3,20.2,5.4,483
17.7,9.5,26.4,0.001,5.4,3.9,1.6,11.1,41,68.3,14.4,24.2,11.2,483
17.7,15.7,21.8,4,11,4.6,2.6,6.3,26,51.1,14.4,21.3,10.5,483
21.7,15.6,27.4,0.001,11.2,5.1,2.6,1.3,19,26.3,14.5,23.6,9.1,483
19.8,13.9,30.3,5,8.6,5.6,2.2,9.2,18,57.3,14.5,23.9,7.1,478
22.7,13.8,31,0.001,5.6,4,1.4,7.9,15,46.1,14.5,25.1,10.4,478
22.3,15.2,31.6,0.001,6.8,4.9,1.6,4.1,10,36.5,14.5,26.6,10.2,478
19.6,15.8,24.2,0.4,5.4,3.9,1.6,11.1,37,59.8,14.6,21.9,14.7,488
15.1,13.9,16.9,16,7,3.9,1.6,13.4,80,89.8,14.6,17.2,15.1,488
14.5,13.2,16.2,14.5,6.8,4.5,2.3,12.7,83,89.5,14.6,17.2,14.2,485
15.8,13.7,21.1,0.5,5.8,4.2,1.7,14.9,72,93.5,14.7,20.8,16,500
14.8,13.6,17.6,1,4.9,3.5,1.7,14.2,64,96.8,14.7,18.6,15.7,500
13.4,12.2,14.6,2,5.7,4,2,13.3,100,100,14.7,17.1,14.3,500
13.4,11.7,16.2,0.001,5.2,3.9,1.7,12.8,79,97.3,14.7,16.7,12.8,500
16.3,11.2,22.2,0.001,6,3.9,1.5,13.3,48,84.5,14.7,20.3,11,500
20.5,15.7,28,0.001,7.3,4.8,1.6,10.6,27,56,14.7,23.2,12.4,490
17.9,15.3,22.9,0.001,6,4.4,1.6,14.9,48,84.4,14.7,23.6,14.9,490
18.2,15.1,24.8,0.001,6,4.4,1.8,15,47,83.3,14.7,24.6,14.7,490
19.1,14.8,24.8,0.001,6.2,4,1.6,13.5,48,72,14.7,21.6,12.5,490
15.7,14,18.1,0.001,5,4.1,1.7,14.5,83,92.9,14.7,19.9,12,490
16.1,14,22.5,34.5,5.8,3.6,1.2,15.2,64,95.6,14.7,20.5,14.5,490
16.7,12.7,23.5,33,8.5,5.6,1,14.6,59,89,14.7,19,15,490
18.5,12.3,26.2,30,5.6,3.7,1,15.5,45,85.8,14.7,21.6,15.2,490
20.2,14.3,28.7,0.001,6.1,3.9,1,15.6,32,78.6,14.7,23.5,17,470
20.5,14.8,26.3,0.001,5.2,4,1.2,15.9,50,78.1,14.7,23.5,15.9,470
19.3,16.4,26.1,3.5,4.9,3.7,1.1,17,45,88.3,14.7,21.9,18,470
20.1,14.3,27.8,9,5.4,3.6,1,17.2,41,86.1,14.7,22.9,16.7,460
20.7,16.4,25.1,0.001,4.9,3.5,1.3,17,63,80.6,14.7,24.2,18,460
17.6,16.7,19.2,14.5,7.3,4.5,1.8,16.4,78,93.6,14.7,19.5,16.8,470
18.5,15.3,23.2,1.5,7.7,4.8,2.5,15.7,62,84.4,14.7,22.3,15.4,540
20.7,13.6,28.4,0.001,6.6,5.1,1.6,16.3,42,79.3,14.6,26.8,15.4,540
23.5,17.7,29.4,1.5,7.5,4.5,2.1,18.1,46,74.3,14.6,26.3,18.5,540
23.8,20.9,31.5,7,8.2,4.4,1.8,20.4,44,82.1,14.6,25.3,20.2,520
23.1,20.6,28,0.1,6.8,4.5,1.8,19.3,62,80.6,14.6,26.2,20.8,520
24,20.2,30.1,0.001,6.9,3.6,2,10.6,29,43.4,14.6,25.3,17.6,500
22.9,16.9,29.7,0.001,5.4,3.5,1.5,13.7,29,59.3,14.5,27.6,15.2,500
22.4,16,30.1,0.001,5.1,3.2,1.1,14.5,28,64.1,14.5,25.5,15,500
24.4,20.4,30.6,0.001,4.8,3.8,1.6,15.2,30,58.4,14.5,28.4,19.1,500
23.9,19.4,30.2,0.001,6.2,4.4,1.8,16.4,38,64.8,14.4,27,18.9,500
22.9,19.8,29,1.5,6.5,4.6,1.7,16.7,43,70.1,14.4,25.5,19.7,506
25.1,18.7,31.8,0.001,5.9,3.9,1.4,18.1,39,68.6,14.4,28.4,19.5,506
24.7,21.5,29.2,0.001,8.3,4.8,2.4,16.1,44,59.8,14.3,28.1,19.2,520
23.1,21.7,24.8,3,9.2,5,2.8,19.6,63,81,14.3,23.4,21.4,530
24,21.1,28.8,0.5,7.9,4.9,1.9,19.7,58,78,14.3,25.8,20.7,530
25.2,21.8,32,8,15.8,6.6,2.4,21.3,48,80.8,14.3,27.3,21.9,530
20.7,12.3,29.2,0.001,5,3.4,1.2,12.3,26,64.8,14.2,25.3,12.4,530
19.3,15.6,27.7,1,7.4,4.9,1.7,16.7,54,86.4,14.2,22.5,15.5,530
24.4,16.8,32.2,0.001,7.6,4.1,1.3,17.1,36,69,14.1,29.5,15.5,530
23.6,20.2,33.3,4,13.4,8,1.3,20.4,40,85,14.1,25.4,19,520
23.6,21.5,28.1,5,5.9,3.7,2,21.8,67,90.3,14,24.6,21.5,550
24.9,21.9,30.4,1,7.3,4.2,1.3,21.2,52,82.3,13.9,27.4,21.6,550
23.9,21.4,28.8,5,4.4,2.9,1.4,19.3,55,76.6,13.9,24.1,20.1,540
17.6,16.1,21.6,18.5,4.8,3.2,1.1,17.3,94,98,13.9,21,16,545
17.8,15.7,20.6,5,7.6,4.5,2.1,17.3,86,97.1,13.9,20.7,15.6,545
20.2,14.6,26.2,2.5,6.9,4.3,1.9,14.9,45,74,13.7,24.2,14.4,545
21.9,17.1,28.7,0.001,5.2,3.2,1.3,14.9,36,68,13.7,25.5,16.4,545
18.8,15.9,24.7,0.5,4,2.9,0.7,17,58,91,13.7,20.6,15.7,570
17.5,15.5,19.6,8.5,3.6,2.4,0.8,17.1,91,98,13.7,19.7,15.4,570
17.4,16,18.8,70,4.7,2.7,0.9,17.1,97,98,13.5,19.6,16.5,540
19.1,17.7,22.3,22.5,3.9,3.1,0.9,18.6,85,96.6,13.5,21.4,17.6,540
19.9,18.2,22.8,26,4.8,3.4,0.9,19.3,87,96.5,13.4,22.2,18.1,540
21.1,19.1,26.4,29,8.6,4.7,1.6,19.5,68,91.1,13.4,22.5,19,540
20.9,17.4,25.4,3,6.2,3.5,1.6,16.1,57,75.1,13.4,23,16.5,540
18.3,17.2,19,23,7.4,3.6,0.9,17.9,85,98,13.3,20.2,17.1,530
18,15.3,21.1,9.5,8.1,4.6,1.6,17.5,90,97,13.2,21.5,15.2,530
16.3,14.9,19.3,1,8.2,3.9,2.2,14.5,77,89.5,13.2,21.3,14.8,530
18.6,14.4,25,0.001,5.2,4.2,1.6,14.9,55,80.8,13.1,23.3,15.7,530
17.9,15.5,23.1,0.001,6.1,4.7,1.7,14.4,57,81.5,13.1,23,15.4,530
16.7,10.5,23.7,0.001,6.5,4.6,1.6,12.5,37,78.9,13,21.9,10.4,530
16.5,11.9,21.1,2.5,4.9,3.4,1,14.4,70,88.6,13,19.5,11.8,530
18.4,14.9,21.8,50.5,8.7,3.9,1.1,17.9,86,97.5,12.9,19.2,14.8,560
19.1,14.4,25,0.001,6,3.5,1.7,14.7,48,77.5,12.9,21.2,13.6,600
20.5,13.6,29.4,0.001,5.5,3.7,1.5,11,25,60.4,12.8,21.7,12.5,580
18,13.6,24.3,0.001,5.9,4,1.6,13.8,39,79.6,12.6,23.8,14.2,580
17,12.6,23,6,4.9,3.5,1.4,13.8,49,83.9,12.6,21,12.5,580
18.2,14.6,25,0.001,5.5,4.4,1.1,13.6,38,77.8,12.5,20.3,14.5,570
15.8,13.3,19.2,6,6.1,4.1,1.2,14.3,74,91.5,12.4,18.6,13.7,570
13.7,7.9,19.3,0.001,4.8,3.1,1,10.7,56,84.8,12.3,17.3,7.8,560
13.8,5.9,25.2,0.001,5.5,3.4,0.9,7.3,22,73.3,12.3,17.1,5.3,560
14.9,8.1,21.5,0.001,6.1,4.5,1.6,11.7,50,83.6,12.2,18.7,8,570
17,10.3,24.9,0.8,5.4,4.2,1.4,11.9,33,76.6,12.1,20.5,11.5,580
14.4,13.5,15.7,98.5,8,4,1.7,14.2,92,99,12.1,15.8,13.9,620
15.5,13.2,20.5,0.3,6.7,4.5,1.8,13.5,66,88.5,12.1,17.8,13.3,620
14.7,11.8,19.9,0.001,4.9,3.5,1.5,11.9,60,84.3,12,18.1,11.7,620
17,15.1,19,1.5,4.9,3.1,1.4,15.6,82,92.5,11.9,18.2,12.8,600
11.3,9.5,16.5,2.5,8,4.3,2,10.9,80,98,11.9,14.2,8.7,600
13.1,9.9,20,0.001,5.2,3.8,1.2,11.3,56,90.3,11.8,15.5,9.4,600
14.6,9,21.6,0.5,6.6,4,1.5,11.2,47,82.1,11.8,17.9,8.9,600
9.7,3.9,14.3,0.2,8.3,4.8,2.6,6,59,79.5,11.6,13,2.1,580
9.6,1.8,20.1,0.001,5.6,4.1,0.9,3.9,29,74.3,11.6,12.2,0.2,560
11.4,3.4,20.6,0.001,5.6,4.2,1,6.9,33,79.9,11.6,14.1,0.8,560
12.3,5.9,19.2,0.5,8.9,5.1,2.3,10.1,57,88.4,11.5,13,3.3,550
10.3,6.6,14.1,42.5,13,6.5,4.3,9.4,79,95.3,11.4,11.7,5.2,550
7.7,4,12.4,0.001,8,4.4,2.4,2.8,49,73.6,11.3,10.8,3.4,550
8.8,1.1,17.9,0.001,6,4,1.4,0.8,20,65.3,11.3,11,1,560
9.2,3.3,13.8,1,9.6,5.1,2.1,0.2,29,55.6,11.3,9.6,0.3,560
8.5,-1.2,17.8,0.001,5.4,3.8,1.1,-4.7,13,46.4,11.2,8.2,-2.3,530
13.5,10.3,16.1,11,7.4,4.5,1.3,12.7,49,95.9,11.1,13.5,10,530
10.2,8.1,14.4,76,10.4,5.9,2.6,10.1,97,100,11.1,11.4,8,564
6.8,6,8.2,11,9.5,5.2,2,6.7,91,99.4,11,8.7,5.5,570
7.9,1.8,18.5,0.001,4.8,3.4,1,4.1,35,82,11,10.5,1.7,560
10.6,2.3,21.8,0.001,6,3.9,1,2.7,21,66.6,10.9,9.6,0.4,540
8.9,1.6,16.1,0.001,8.1,5.5,2.1,2.5,22,67.5,10.8,10.2,-0.6,540
5.8,-1.8,17.3,0.001,5.6,4.4,0.9,-1,19,69.5,10.8,6.1,-3.6,530
7.5,-1.1,20.6,0.001,5.1,4,0.8,-4,8,56.3,10.8,6.3,-3.5,489
9.4,0.9,21.1,0.001,4.8,3.3,0.7,-1.6,12,53.5,10.7,7.4,-1.8,489
9,6.4,10.5,34,4.2,2.6,0.6,7.3,73,89.9,10.7,8.7,4,484
4.5,-0.5,8.9,0.001,9.2,4.9,2.1,-8.9,25,37.5,10.6,3.5,-2.9,476
5.9,-1.4,16.7,0.001,4.7,3.2,0.7,-4,12,58.5,10.6,4.5,-3.1,476
7.2,-1.4,17.1,0.001,6,4.5,1.1,-4,14,54.5,10.5,4.6,-3.3,466
8.5,4.8,14.3,0.001,5.1,3.1,0.8,2.8,45,69.9,10.5,7.5,1.1,466
6.8,4.3,8.1,0.4,4.9,3.2,0.9,6.6,90,99,10.5,7.3,0.9,466
4.7,-2.9,16,0.001,4.9,4,0.8,-3.3,14,66.6,10.4,3.6,-4.3,466
6.5,-1.7,15.2,0.001,5,3.3,1.2,-5.6,12,52.1,10.3,3.9,-4.2,466
3.9,-2.3,7.4,1.5,13.9,6.1,3.2,-5.2,29,53.3,10.3,4.1,-4,466
-3.2,-7,1.6,0.001,9.8,4.1,2.3,-18.4,19,30.5,10.3,-0.7,-7.7,466
1.1,-3.3,5.7,0.001,9.5,3.8,2,-10.1,20,45.1,10.2,0.2,-5.8,456
3.1,-0.9,6.9,0.001,8.3,3.1,1.4,-4.3,38,59,10.2,2.2,-3.6,456
1.2,-3.5,9.4,0.001,4.6,2.9,0.8,-7.6,21,57.6,10.1,0.8,-5.7,456
0.9,-6.3,10.9,0.001,5.4,3.6,0.9,-8.1,21,55.5,10.1,0.001,-7.6,466
2.5,-5,13.2,0.001,5,3.4,0.7,-10.3,12,45.1,10.1,0.3,-6.8,476
5.5,0.4,12.6,0.001,5.8,4.2,1.3,-4,30,52.1,10,1.6,-3.9,476
6.2,4.7,9.2,1.5,3.8,2.6,0.6,2.8,42,81.4,10,4.5,1.1,476
4.4,3.2,6,4.5,8.5,5.1,2.1,3,86,90.8,9.9,4.4,2.6,476
3.8,-0.1,8.5,0.001,4.9,3.8,0.9,1.8,64,88.3,9.9,4.3,-1.5,476
4,-1.1,14.3,0.001,5,3.3,0.7,-0.6,28,78,9.9,3.6,-2.6,476
5.8,-1.8,11.2,1,5.2,3.5,1.1,4,76,89.1,9.9,3.1,-2.8,476
-8.6,-11,-4.9,0.001,10.4,3.9,2.6,-24.1,16,28.4,9.8,-4.2,-11.1,476
-4.2,-7.8,-1.1,0.1,11.9,4.9,2.9,-10.5,45,61.8,9.8,-1.4,-9.1,476
-5.3,-8.2,-1.4,0.001,9.7,3.9,2.3,-15,33,47,9.8,-1.9,-8.8,486
-8.2,-11.7,-3.5,0.001,8.4,5,2.2,-20,19,39.1,9.8,-4.3,-11.8,490
-3.5,-8.5,2.5,0.2,7.8,3.4,0.9,-10.7,28,61.9,9.7,-3,-10.8,490
-4.7,-11.7,5,0.001,4.7,3.2,0.7,-15.4,13,51.8,9.7,-4.7,-13.7,480
2.3,-6.1,7.1,0.001,8.4,5.1,2.5,-3.9,42,64.3,9.7,-1.4,-9.1,480
-1.6,-6.2,1.6,0.001,10,4.1,1.9,-10,32,53.8,9.7,-1.1,-8.4,480
-4.9,-7.9,-1.8,0.001,11.4,4.2,2.4,-15.5,25,44.5,9.7,-3.4,-10.6,480
-1.2,-4.8,0.9,0.5,10.2,5.1,2.5,-7,45,65.6,9.6,-2.1,-9.6,475
-6.5,-13.5,-0.1,3,9.4,4.6,2.5,-13.9,35,57.8,9.6,-1.1,-5.1,475
-12.7,-14.6,-9.8,0.001,15.6,5.3,3.1,-25.2,26,34.4,9.6,-1.9,-12.6,470
-10.7,-16.5,-1.4,0.001,6.9,3.7,1.3,-24.3,10,36,9.6,-2.8,-14.5,465
-4.3,-14.6,3.1,0.001,9.6,5.2,1.3,-13.2,26,53,9.6,-2.6,-13,465
-6.4,-10.9,-2.6,0.001,10.7,4.3,2.2,-14.8,33,51.5,9.6,-2.7,-13.2,455
-2.1,-8.8,3.3,0.001,6.1,3.2,1.3,-10.1,31,55.9,9.6,-2.5,-11.9,455
0.4,-3.5,3.6,0.001,9.4,4,2.1,-6.1,51,61.4,9.6,-1.2,-8.4,455
-7,-12.6,2.6,0.001,4.6,3.3,0.7,-16.9,11,51.8,9.6,-4.3,-16.6,455
0.1,-1.9,3.1,0.001,7.1,4.2,1.6,-7.7,43,56,9.6,-2,-8.1,450
0.3,-4.3,4.5,0.001,10.9,4.4,2.2,-12.2,20,40.5,9.7,-2.5,-11.7,450
-4.6,-9,-0.1,0.1,8.5,3.7,1.4,-12.6,31,55.3,9.6,-4,-13.1,445
-9,-12.1,-5.3,0.001,8.9,4.4,2.3,-19.5,29,43.3,9.7,-7.6,-15.6,445
0.5,-8.5,9.3,0.4,7,4.6,1.5,-9.7,14,55.8,9.7,-3.6,-13.9,450
-1.1,-6.7,3.5,0.4,7.2,3.7,1.9,-9.9,30,54.3,9.7,-0.3,-8.2,450
-7.6,-11.8,-0.9,0.001,6.5,3.9,1.4,-19.8,18,39.4,9.7,-5.7,-13.6,450
-6.8,-14.2,2.4,0.001,4.8,2.9,1.1,-19.1,12,43.8,9.8,-7.2,-15.7,450
-3.8,-8.3,-0.2,0.001,7.7,4,2.2,-17.6,17,34.8,9.8,-6.1,-12.8,450
-5.7,-11.3,1.6,0.001,4.7,3.4,0.9,-11.5,38,65.6,9.8,-5.3,-14.3,450
-3.4,-11.9,7,0.001,4.8,3.5,0.8,-13.8,14,53.9,9.9,-5.3,-14.7,450
0.2,-5,6.1,0.001,4.5,2.9,0.8,-11.5,8,46.1,9.9,-2.8,-9,450
0.1,-2,1.6,0.4,7.6,4.6,1.8,-0.6,82,95.8,9.9,-1,-4.2,430
-2,-5.1,1.8,0.001,11.6,5.4,2.4,-5.9,60,75.9,9.9,-1.1,-6.3,430
-2.2,-5.6,1.4,1.5,10.4,4.2,2.3,-9.1,37,60,10,-2,-5.6,430
-3.4,-11.8,5,0.001,5.6,3.8,1,-9,35,68.9,10,-2.4,-7.6,430
0.1,-4.3,4.5,0.5,5.1,3.8,0.8,-3,47,81,10,-1.9,-6.4,430
-1.3,-2.9,0.4,7.5,8.1,4.3,2.4,-2.7,80,90.5,10.1,-1.1,-1.2,430
-3.8,-11.1,4.2,0.001,4.9,3.8,1.1,-8.7,38,70.9,10.1,-1.2,-2.3,430
3.3,-0.4,9.9,2,5.7,3.7,1,1.1,65,90,10.2,0.2,-2.4,430
-2.1,-6.7,1.7,0.001,5.1,3.9,1.8,-6.1,44,74.3,10.2,0.1,-4.8,440
-5.8,-9.7,-0.7,0.001,4.7,3,0.9,-8.7,62,80.5,10.2,-1.5,-7.2,440
-3.5,-10,1.8,0.001,4.3,2.9,0.9,-5.9,63,83.8,10.3,-3,-8.2,440
-3.9,-7.7,-0.6,0.1,8.7,3.8,1.6,-12.5,29,53.9,10.3,-1.7,-6,440
-4.5,-11.3,4.6,0.001,4.9,3.9,0.8,-9.7,33,71.3,10.4,-4.4,-10.6,440
-3.2,-10.3,5.5,0.001,5.5,4,0.9,-7.6,26,75.9,10.4,-3.8,-10.4,450
-2.8,-8.5,3.6,0.001,5,3.6,0.8,-10,20,63.9,10.4,-3.4,-9.2,450
-2.8,-5,0.1,0.001,7.3,4.3,1.9,-8.9,50,63,10.5,-2.7,-8,450
-2,-8.3,5.6,0.001,6.8,3.2,1.3,-11.7,19,51.8,10.5,-3.4,-10.3,450
-9.1,-15.8,-4.8,0.001,11.7,5.3,2.1,-20.7,18,40.1,10.6,-7.2,-16.4,450
-1.9,-6.1,1.9,0.001,9.9,4.1,2.3,-9.9,47,54.5,10.7,-4.5,-11,450
0.8,-1.3,4.5,0.001,7.7,4,2.2,-9.7,33,46.4,10.7,-2.3,-5.9,450
-3.5,-7.8,-0.4,0.001,9,5.8,1.9,-18.2,23.1,31.3,10.7,-4,-9.5,520
-5.3,-9.5,-0.3,0.001,8,3.9,1.9,-19.6,22,31.9,10.8,-5.6,-12.1,530
0.6,-0.1,1.7,4.5,4.5,2.9,1.2,0.001,86,96.3,10.9,0.1,0.1,530
0.001,-1.8,2.7,0.3,6.5,3.7,1.4,-3.1,59,80.9,10.9,0.1,-0.9,530
-0.3,-4.1,5.9,0.001,7.1,4.3,2.3,-11,20,46.5,11.1,1.1,-3.2,500
0.3,-3.4,7.2,0.001,6.2,4,1.5,-12.1,14,42.3,11.2,1.3,-4,500
2.8,-3.8,9,0.001,10.1,5.1,1.9,-9.5,15,44.3,11.2,2,-3.7,510
0.3,-6.1,3.6,0.001,10.2,5.2,2.9,-9.9,21,47.8,11.2,1.7,-5.9,510
-5.2,-8.9,-0.7,0.001,7.1,4.4,2.1,-16.3,24,42.4,11.3,-0.8,-8.4,500
0.7,-5.2,6.2,0.001,6.3,4.3,1.8,-14.3,16,33.8,11.4,0.6,-6.8,490
1.7,-0.4,4.7,0.1,9.3,5.1,2.2,-8.2,30,49,11.4,1.6,-2.4,490
-4.7,-8.4,0.4,0.2,12.9,4.8,2.7,-17.8,19,36.6,11.5,0.1,-7.9,480
-4.7,-11.4,1.2,0.001,5.9,4.4,1.6,-14.3,19,50.1,11.5,-0.4,-10.1,480
-1.6,-9.4,7.1,0.001,6,4.3,1.1,-8.3,23,65.6,11.6,0.9,-8.8,480
1.7,-8.5,8.7,0.001,9.1,4.3,1.8,-10.9,19,40.9,11.7,3.1,-9.4,480
-7.4,-11.7,-1.9,0.001,10.4,4.7,2.5,-21.7,14,32.6,11.7,-0.5,-11.6,480
-3.2,-8.1,2,0.001,13,5.6,2.8,-17.4,21,32.8,11.8,-1.4,-10.7,480
-1.3,-6.8,3.6,0.001,9.8,4.2,2.6,-19,14,25.8,11.8,0.6,-10.6,480
1.2,-3.9,6.2,3,8.6,4,2.1,-7.9,23,55.8,11.8,1.7,-5.2,480
7.2,-3.1,18.1,0.001,7.4,4.1,1.3,-11,6,33.9,12,3.9,-6.2,480
11.5,3.2,17.3,0.001,8.2,4.8,1.8,-2.1,21,40.4,12,5.6,-2.8,480
4.1,2.2,8,19.5,6.4,3.8,1.7,1.3,54,84.3,12,2.5,0.7,480
7.7,2.3,17.3,0.4,5.3,3.6,1.3,4.9,48,83.5,12.1,7.4,1,490
9.4,4.3,16.8,0.001,5.7,4,1.4,-3.5,14,47.5,12.1,7.6,-0.3,490
1.1,-2.7,6.6,0.001,9.3,5.2,2.2,-14.3,13,35.4,12.2,3.6,-5.3,490
0.4,-6.8,8,0.001,8.2,4.6,1.3,-12.4,11,46.1,12.3,3.7,-7.2,490
2.3,-6.2,11.5,0.001,6.1,3.9,1.1,-9.9,10,48.8,12.3,4.2,-6.9,490
8,-1.2,15.6,0.001,5.4,3.6,1.6,-12.6,10,24.5,12.4,5.8,-4.6,510
10.1,5,15.6,0.001,9.4,4.5,2.3,-9.8,13,24.5,12.4,7.2,-2.3,510
11.8,0.2,19.7,0.001,7.7,5.1,1.8,-1.8,21,43.6,12.5,11.5,-4.5,500
12.6,10,15.6,0.001,8.1,4.6,2.3,4.8,30,61.4,12.6,9.8,4.7,500
4.4,2.1,12.9,4,7.6,4.5,2.1,2.8,79,89.6,12.6,5.7,2.8,500
10.4,2.1,16.5,0.3,17.6,9.6,4.3,7.3,63,82.1,12.6,9.9,1.3,500
11.2,2.4,17.7,6.5,17.4,7.3,3.5,7.3,37,79.4,12.7,14.4,0.5,500
6,3,9.6,2,5.7,4.1,1.7,4.1,68,88.5,12.8,8.2,3.7,500
0.6,-0.5,3.1,1,5.7,4.1,2.1,-0.4,89,93.1,12.8,3.8,0.7,500
1.8,-0.4,5.2,0.5,6.6,4.3,1.3,-0.1,71,87.5,12.9,4.1,-1.9,520
4,-1.5,12.1,0.001,6.2,4.1,1.3,-0.1,33,79.1,12.9,7.6,-1.5,540
5.7,-1.1,13,0.001,6.7,4.6,1.2,-3.7,25,56.6,12.9,8.3,-2.1,530
3.6,2.4,5.1,9.5,8.5,4.2,2.9,2.6,83,93.5,13.1,5.1,2.7,510
3,0.7,6.9,11,5.6,2.9,0.9,1.6,76,91.3,13.1,3,-1.1,520
8.2,1.6,13.8,0.001,9.5,4.3,1.9,0.3,34,60.1,13.1,8.4,-1.2,470
10.3,4.5,17.5,6,15.7,8.8,3.8,-0.2,28,49.9,13.2,9.8,1,470
9.8,3.8,15.7,0.001,9.4,4.4,2.2,-9.4,15,26.5,13.2,9.7,-0.9,470
5,0.1,8.5,9.5,10.1,5.3,2.5,3.6,73,91.1,13.3,6.8,-1.1,470
9.8,-0.5,19.2,0.001,6.5,3.7,1.2,-3.3,11,51.1,13.4,11.6,-1.5,470
12.1,6.8,17.9,0.001,9.2,4.9,1.9,-5.3,11,33.1,13.4,11.1,2.3,470
13.4,3,20.1,0.001,9.1,5.1,2.3,-7.6,9,29.4,13.4,14.2,-0.9,470
13.4,6.7,20.5,0.001,10.8,4.1,2,-2.6,13,36.8,13.5,16.3,2,470
18.3,13.3,23.6,0.001,9.1,5.3,2.3,0.2,14,32.5,13.6,18.9,6.8,460
16.4,7.2,24.9,0.001,6.5,3.9,1.3,-0.9,12,34.9,13.6,21,2.1,460
12.8,11,15.5,1,4.9,3,1,7.5,48,71.3,13.6,13.9,8.3,450
15.2,7.7,22.9,0.001,5.1,3.5,1.1,8.3,38,65.9,13.7,17.4,5.1,450
14.8,9,18.8,0.001,11.2,4.7,2.2,-0.7,18,38.8,13.8,20.2,4.1,510
15.7,8.1,23.2,0.001,5.5,3.9,1.7,-3.6,13,28.1,13.9,18.5,2.9,490
15.2,6.5,22.7,0.001,7.7,4.4,1.7,-0.4,13,39.3,13.9,19.8,2.8,490
16.6,9.2,23.3,0.001,6.5,4.9,1.9,-0.7,12,32,13.9,20.8,3.7,490
14.7,8.7,21.7,7,11,6.4,3.2,7.6,30,67.1,14,19.7,9.2,500
13,8.1,16.1,13.5,15.5,6.6,4.3,4,34,57.1,14.1,16.7,8,490
16.8,9.5,23.2,0.001,15.6,7.2,4.5,2.3,25,39,14.1,16.7,6.6,490
20.4,14.7,25.3,0.001,11.3,5.4,3.2,6.5,21,41.6,14.1,21.4,9.6,490
19.3,13.7,25.4,0.001,7.4,4.6,1.6,10.3,28,60,14.2,20.8,10.7,490
16.4,11.8,21.5,0.001,6.7,4.1,1.8,2.4,16,40.6,14.2,20.6,9.1,500
16,11.3,22.5,5.5,11.1,5.7,2.4,6.1,26,54.3,14.3,22.9,7.6,520
12.2,7.7,18,0.5,8.5,5.3,2.2,3.2,28,57.9,14.3,16.4,6.4,520
16,5.1,23.2,0.001,8.3,4.7,1.7,1.8,22,45,14.3,21.1,3.9,520
19.9,16,25.4,0.001,8,4.1,2.2,0.001,17,26.8,14.3,25.3,9.3,540
22.3,12.1,30.8,0.001,5.7,3.9,1.4,2.1,9,32.9,14.4,28.4,7.1,560
20.3,10.7,29.5,0.001,6,4.4,1.3,1.9,9,33.8,14.5,28.5,5.4,580
19.9,11.1,29.5,0.001,7.1,4.9,1.5,5.8,15,43.9,14.5,27.6,8.2,620
21.5,11.3,29.6,0.001,7,4.6,1.5,6.6,16,43.4,14.5,29.3,8.6,650
20,10.2,28.7,0.001,5.9,4.4,1.4,5.7,18,44,14.5,24.7,6.3,670
21.7,13.6,29.1,0.001,6.8,4.5,1.3,5,14,37.4,14.6,28.1,10.1,700
17.8,10.3,24.4,0.001,8.5,5.3,2.1,1.3,16,34.5,14.6,26.7,6.5,700
18.6,7.6,26.8,0.001,6.6,4.3,1.4,-1.3,11,30.3,14.6,28.4,3.5,715
13,7.9,18.1,5.5,6.5,4.6,1.4,6,27,67.1,14.6,25,9.2,710
18.3,11.8,25.5,0.001,4.9,3.4,1,8.4,29,56,14.6,21.9,9,705
20.1,11.3,27.7,0.001,6.6,3.8,1.6,8.5,22,50.3,14.7,25.5,7.6,705
21.8,13.3,29.8,0.001,6.8,4.3,1.2,7.3,21,44.4,14.7,29.8,9.5,695
19,12.6,25.2,0.001,6.4,4.5,1.7,10.6,33,61.5,14.7,23.3,9.4,667
21.2,15.6,26.8,0.001,7.7,4.5,2.1,9.7,28,50.5,14.7,27.1,12.1,660
19.9,14,26.8,0.001,4.9,3.7,1.3,13.7,39,69.6,14.7,23,13.1,680
19.8,14.2,26.4,0.001,7,4.6,1.7,12.6,31,66,14.7,26.9,12.4,730
16.6,11.3,22.9,0.001,7.1,4.8,1.8,12.3,53,77,14.7,25.2,9.4,710
16.7,14.3,20.8,1,6,4,2,13.7,67,82.9,14.7,22.2,15.8,690
14.5,13.2,17.3,1.5,5.9,4.3,1.9,12.7,79,89.6,14.7,18.8,14.7,690
18.8,13.6,27.2,32,7,4.6,1,13.4,34,74.3,14.7,21.6,12.9,680
19.5,15.7,24.6,0.001,6.1,4.6,2,14.4,41,74.8,14.7,24.4,16.3,610
18.9,16.4,24.7,1.5,7.1,5.2,1.7,15.6,57,82,14.7,22.9,18.1,610
18.4,16.1,23.7,3.5,5.3,4.2,1.7,14.6,49,80.1,14.7,22.1,17.5,630
16.3,15.4,18.1,62.5,11.7,6.5,3.3,15,88,92.1,14.7,18.4,15.7,650
23.2,16.5,30,0.001,6.4,4.5,1.7,14.6,31,62,14.7,28.4,18.4,700
19.1,15.6,23.9,0.1,5.3,3.8,1.8,13.7,48,73.6,14.7,21.6,17.6,730
19.1,14.7,24.8,0.5,9.1,4.7,1.9,10.9,36,63.1,14.7,22.2,12.8,800
19.7,15.7,25.4,0.001,7.5,3.7,1.8,8.8,30,51.5,14.7,25.7,12.8,830
18,13.7,25.5,0.001,7.8,5,1.5,10.6,28,65.5,14.7,25.7,12.2,830
18.5,15.2,23.6,0.2,6,4.2,1.8,12.2,35,69.4,14.6,27.2,15.3,830
17,14,21.3,9.5,4,3,0.9,11.5,37,72.3,14.6,20.5,13.4,910
16.5,15.1,17.9,43.5,5.3,3.2,1.1,14.6,86,88.6,14.6,19.7,16.5,970
17.2,16,19,1,4.5,3.1,1.2,15.7,86,91,14.6,20,17.2,1010
21.2,14.7,27.3,0.001,5.5,4.2,1.5,17.7,62,81.6,14.6,25.1,17.1,1010
21.9,20.5,23.4,6,16.6,9.7,5,17.7,67,77.6,14.5,21.4,18.8,1060
22.3,17.9,26.7,0.001,10.9,5.3,2.2,16.3,52,69.9,14.5,22.5,17.3,1050
19.1,15.3,25.3,0.001,8.7,5.9,2.2,15.4,55,80.9,14.5,24.5,13.8,990
14.3,13.1,15.4,3.2,10.3,5.1,3.1,12.9,83,91.4,14.5,16.9,11.7,950
14.8,12.7,17.1,0.001,13.2,5.6,2.9,11.1,67,79.4,14.4,17.8,11.4,910
19.1,18.3,22.2,3.1,4,2.4,0.7,18.2,90,94.6,14.4,20.7,18,900
22,18.6,29.2,1.4,6.2,3.9,0.9,20,68,89.6,14.4,24.4,18.3,900
23.4,19.3,29.3,6.6,6.5,4.4,1.2,21,66,87.8,14.3,26.1,18.4,900
24.2,20,30.4,14,10.4,5.2,1.5,21.2,57,85.1,14.3,26,18.4,870
23.7,22.1,25.5,16.3,13.5,7.3,2.7,21.9,81,90.1,14.3,23.4,20.9,870
23.2,19.2,27.3,0.001,7.6,3,0.9,19.5,56,80.6,14.2,24.4,17.3,820
24.5,18.8,30.6,0.001,6.1,3.7,1.2,19.4,49,75.5,14.2,27.3,15.8,830
23.9,20.6,27,6.7,7.2,4.1,1.4,21.5,75,86.5,14.2,23.7,18.5,830
26.6,22.5,31.4,0.001,8.8,4.2,1.7,21.4,50,74.4,14.1,27.2,19.8,860
26.7,22,31.8,0.001,8.9,4.2,1.7,20.6,47,71.3,14.1,28.3,20.3,820
26,22,30.5,0.001,9.4,4.4,1.8,20,45,71.4,14,26,19.1,760
26.4,21.5,31.2,0.001,9.4,4.3,1.8,18.1,34,62.6,14,28.5,16.5,750
25.7,21,31.6,0.001,11.6,5.9,2.2,18.6,42,67,13.9,29.5,18.9,740
25,19,32.7,1,5.2,3.7,0.9,20.5,37,79.6,13.9,28.2,16.6,680
24.7,18.6,33.1,0.001,6.2,4,1.3,20.5,36,80.8,13.9,29.5,16.1,693
23.1,19.1,28.5,0.001,4.5,2.7,0.8,18,41,76,13.8,25.5,17.3,718
22,18.9,25.7,0.001,5.2,3.5,1.2,18.3,58,81,13.8,23.2,17.3,713
19.9,16.2,23,0.1,5.8,3.6,1.2,17.7,70,87.6,13.7,22.2,13.5,715
19.5,14.4,27.6,12.4,7.7,4.7,1.2,16.5,48,85,13.7,22.5,10.7,711
20.4,17.4,24.7,0.001,8.9,6,2,18.6,72,90,13.5,23.7,15.5,690
20.3,16.1,26.2,0.001,8.2,4.4,1.8,17.1,48,83.9,13.5,25.4,13.3,650
20.1,14.4,25.7,0.001,5.1,3.2,0.8,16.6,52,81.8,13.5,23.6,11.9,600
21.7,18.6,26.7,1.3,5.3,3.5,1.1,18.7,53,84.6,13.5,24.1,17.4,600
19.7,17,24.8,3.8,5.7,4,0.8,18.2,70,91.6,13.4,21.9,14.8,600
19.3,17.3,21.9,14.5,10.5,5.3,1.8,18.4,85,94.8,13.3,21.2,15.1,610
17.1,15.1,18.9,115.9,19.8,9.6,6,16.3,94,95.6,13.3,16.8,13.6,630
17.4,14.8,21.6,1.2,12.1,6.1,2,14.4,60,83.4,13.2,18.1,13.4,710
19.9,15.5,25.3,0.001,11.1,4.9,2.3,15.5,47,78.3,13.2,20.6,13,660
18.3,12,25.8,0.001,5.4,3.2,0.7,13.4,39,76.8,13.2,20.5,9,600
18.9,14.5,24.7,0.001,6,4.2,1.3,17.3,63,91,13,21.8,14.8,540
18.3,16.9,20.2,0.5,9.4,4.9,1.9,17.1,87,93.4,13,19.7,15.2,490
19.6,15,25,2.8,7.2,4.4,1.5,16.5,57,83.9,13,22.1,13.8,500
19.5,14.7,24.8,0.001,7.5,3.9,0.9,15.5,51,79.9,12.9,22.2,12.7,495
18.5,13.6,25,0.3,5.6,3.8,1.1,15.9,54,86,12.9,21.2,10.7,480
15,11.4,19.4,1.1,9.8,6,2.5,12.7,63,87.1,12.8,17.4,9.4,490
14.7,11.2,19.2,0.001,11.5,5.2,2.8,11,54,79.8,12.7,17.7,9.8,480
16,13.7,19.5,0.001,14.6,7.6,4.2,11.1,48,74.3,12.7,19,11.2,470
16.5,10.3,24.1,0.001,7,4.3,1.5,12.3,41,78.5,12.7,19.2,6.5,470
17.4,11.2,22.8,0.001,6.7,3.8,1,13.2,51,78.9,12.6,19,8.2,460
14,6.9,22.9,0.001,5.6,3.4,0.7,8.4,30,74,12.5,17.9,3.6,400
13.1,6,19.9,0.001,6.8,4.1,1,8.2,43,75.5,12.5,17.5,3,400
13.5,9.4,18.1,0.001,6.7,4.6,1.5,11.2,63,86.4,12.4,16.7,6.3,390
13.6,12.8,15.2,0.5,9,4.8,2.2,11.5,72,87.9,12.4,14.3,11.3,390
15.3,12.5,19.7,0.001,8.5,5.7,2.2,12.9,62,86.6,12.3,17.8,11.7,380
15.7,10,23.2,0.001,6.8,4.4,0.9,12.7,45,84.4,12.2,17.7,6,410
16.1,8.8,25.4,0.001,5.5,3.2,0.7,10.8,28,76.1,12.2,19.3,5.9,420
15.4,9.3,22.3,0.001,4.8,3,0.7,12.8,53,86,12.2,16.7,6.5,470
14.8,12.3,16.5,2.1,5.8,3.6,1.2,14.1,93,95.6,12.1,15.9,9.9,510
16,12.1,21.3,0.001,4.8,3.4,1,13.9,60,88.5,12.1,17.8,10.6,510
13.9,10.5,19.4,0.001,8.2,5,1.8,8.5,40,71.9,11.9,15.7,8.6,500
15.9,11.7,20.4,33.8,15.8,7.4,3,13.6,66,87.1,11.8,15.4,8.7,490
12,5.3,16.7,0.001,11.8,5.3,2.4,0.5,25,47.4,11.8,12.9,0.6,520
12,4.9,21,0.001,5.3,3.7,0.7,6.2,29,73.1,11.7,14.2,1.1,480
12.9,5.6,22.5,0.001,5.7,3.5,0.7,5.8,14,69.9,11.6,14.3,1.2,480
14,6.9,22.5,0.001,5.7,3.1,0.6,8.6,33,75.5,11.6,14.8,2.8,430
14.1,7.8,21.5,0.001,6.5,3.2,0.7,8.7,35,73.3,11.6,15,4.5,420
8.8,5.6,12.6,0.001,11.6,4.1,1.7,0.9,41,58.8,11.4,10.3,0.9,420
11,2.9,17,0.001,12.9,4.5,1.6,1.5,27,55.8,11.4,10.4,-1.6,430
11.6,6.5,19.4,0.001,7.1,4.9,1.3,6.1,28,73.3,11.3,12.1,1.8,430
11.1,4.1,21.7,0.001,5.8,3.5,0.8,5.1,28,73.1,11.3,11.2,-0.6,425
11.5,4.3,21,0.001,6.8,3.9,0.9,6.4,28,76.5,11.3,12.3,-0.5,425
14.6,8.4,20.7,0.001,7.2,4.6,1.4,7.2,39,64,11.1,13.6,4.3,415
13.5,9,19.2,0.001,7.9,5.5,1.6,9.1,40,76.6,11.1,13.8,4.2,400
13.7,8.4,22.5,0.001,9.6,5.1,1.5,9,32,79.1,11.1,14.6,4.3,395
10.7,9.3,14.4,0.8,5.8,3.7,1.6,9.4,77,92.4,11,13.7,6.4,395
14.6,8.7,21,0.001,7.3,3.6,1.1,8.4,28,69.5,11,14,5.8,385
9.7,1.8,16,0.001,9.5,5.4,2.1,3.1,40,67.1,10.9,10.9,-2.3,410
10.8,4.6,14.9,6.7,13.5,6.8,2.4,4.2,49,64.9,10.8,10.6,0.1,410
7.2,3.5,11.5,0.001,13.1,5,1.8,-5.1,25,42.8,10.8,6.9,-2.1,415
6.1,0.8,10.1,0.001,12.5,4.5,1.7,-9.1,14,36.3,10.8,6.4,-4.2,425
3.3,0.1,8.1,0.001,8.5,3.9,1.5,-10.9,13,37.1,10.7,4.4,-5.4,445
7.7,4.5,11.5,0.001,8.6,4.1,1.4,-7.5,8,38.4,10.6,7,0.6,455
7,0.4,17.8,0.001,5.5,4,0.7,-2.2,13,59.8,10.6,6.3,-6,445
7.1,-2.4,21.1,0.001,6.8,4.2,0.8,-4.2,10,53.5,10.6,4.7,-9.2,428
9.7,0.8,19.8,0.001,5.6,3.9,1.1,-3.3,11,46.5,10.5,7.8,-4.5,428
6.2,2.1,8.6,6.2,8.9,5.2,1.8,4.9,76,92.1,10.5,4.8,-2.6,428
7.9,7.1,9.2,6.8,6.2,3.8,0.9,7.3,95,96.6,10.4,8.1,6.2,433
7.7,6.2,10.7,0.1,5.2,3.6,1.3,6.4,75,92.5,10.4,8.7,3.7,438
7.1,2.7,11.3,0.8,5.5,4,1.3,5.3,67,89.9,10.3,8.2,1.6,450
8.2,7.1,9.4,1.2,4.3,2,0.9,7.4,90,95.3,10.3,8,6.1,450
8.1,7.3,8.9,25.1,6.1,2.9,1,7,84,93.5,10.3,7.2,5.7,460
8.6,2.7,13.3,9.3,6.1,3.3,0.6,6.8,65,90,10.2,7.1,-1.3,440
8,6.2,10.4,2.1,7.4,4.8,1.7,7.6,97,98.1,10.2,8.7,5,440
4.9,2.4,6.9,15.2,9.8,4.5,2.5,4.3,95,96.1,10.1,5.5,1.2,430
4.8,2.7,6.5,0.3,6.2,3.9,1.2,4.1,94,95.9,10.1,4.7,1.5,435
6.5,2.9,10.3,0.001,7,2.9,1,3.4,55,82.5,10.1,5.5,-1.3,445
4.9,3.7,6.3,12.1,5.6,3.7,1.5,4.4,96,96.8,10,5.2,2.6,445
2.1,-0.2,5.6,1.3,10.3,5.2,1.8,1,75,92.5,10,3,-1.3,455
0.7,-0.3,2.1,4.6,8.2,2.9,0.7,-0.4,76,92.8,10,0.6,-1.4,500
-3.9,-7.2,0.5,0.001,12.3,4.8,2.1,-10.1,46,62.3,9.9,-0.6,-9.3,500
-4.4,-7.3,-0.9,0.001,11.9,6.6,2.4,-12.2,35,55.1,9.9,-3.4,-9.8,510
2.3,-3.4,6.2,0.2,8.6,3.7,1.3,-2.6,38,72.5,9.8,1.1,-7,500
0.5,-6.6,8.2,0.001,7.4,4.6,1.1,-3.7,31,76.4,9.8,-1,-11,490
5.7,0.4,8.7,4.4,13.2,6.3,3.2,1.5,54,75.4,9.8,1.1,-1.9,490
-3.1,-7,0.5,3.8,14.6,5.5,2.9,-7,58,74.9,9.8,-1.3,-4.2,490
-0.1,-6,4.2,0.001,4.1,2.6,0.5,-2,73,87,9.7,-2,-10.8,460
1.9,-1.9,8.8,0.001,6.5,4,0.8,-0.7,50,84.6,9.7,1,-6.7,460
3.9,-2.3,10.4,0.001,7.7,4.5,1.2,-1.7,37,71,9.7,0.6,-7.6,460
5.8,2.9,8.8,4.2,7.4,3.5,0.6,4.3,63,90.8,9.7,3,-0.5,450
1.3,-1,5.1,2.9,15.8,8.1,4.1,-1.2,66,84.1,9.7,0.9,-3.8,440
3.7,1.5,5.5,0.3,5.1,3,0.9,2.7,82,93.6,9.6,2.5,-0.2,450
3.1,0.1,5.2,0.9,10.5,4.1,1.6,-1.7,57,72.1,9.6,2.3,-1.7,470
-3,-6.7,0.1,0.001,12.3,4.4,2.1,-12.7,29,48.4,9.6,-2.2,-8.4,475
-7.3,-9.9,-3.6,0.001,8.6,4.2,1.7,-16,31,50.8,9.6,-5.4,-13.4,475
-3.5,-9.8,1.2,0.001,10.8,5.2,1.8,-10.3,6,54.3,9.6,-5.1,-13.6,475
0.5,-4.1,5,0.6,9.9,4.2,0.9,-2.9,55,78.5,9.6,-1,-9.9,445
0.1,-7.5,8.2,0.001,6,4,0.7,-3.6,40,79.4,9.6,-3.1,-13.5,445
3,-0.9,5.9,0.8,5.4,2.6,0.5,2.1,88,94.8,9.6,-0.7,-6.1,440
-0.2,-4,6.9,0.001,8.2,4.2,1,-6.5,16,68.3,9.6,-2.2,-9.1,440
-6.5,-9.7,-3,0.001,12.6,4.8,2,-18.5,1,12,9.6,-6.8,-14.7,440
-4.8,-9.8,2.5,0.001,8.5,3.8,1.5,-24.4,4,22.9,9.6,-7,-16.3,440
-3.6,-10,4.2,0.001,6.8,4.3,0.9,-12.3,26,54.6,9.6,-5.6,-15.1,455
-1.6,-6.6,2.5,0.001,7.6,3,1.1,-6.3,49,71.3,9.7,-3.1,-13.5,460
1.9,-2.4,6.2,0.001,8.5,3.5,1.5,-10.4,20,42.6,9.7,-2,-8.2,460
-2.4,-7.4,2.2,0.001,8.6,3.5,1.2,-24.2,1,20.1,9.7,-3.5,-12.8,470
-4,-8.8,1.3,0.001,10.5,3.8,1.8,-13.7,29,47.6,9.7,-5.1,-14.5,470
-4.6,-7.9,0.1,0.001,9.8,6.3,1.8,-16.7,14,42,9.7,-5.4,-13.2,470
-5.5,-8.1,-1.2,0.001,11.2,5.9,2.4,-18.5,24,35.5,9.8,-6,-13.3,460
-5.5,-10.8,0.7,0.001,7.8,4,1.4,-22.6,3,36.5,9.8,-5.9,-16.3,460
-7.2,-14,1.1,0.001,8.3,4,1.2,-21.4,6,39.6,9.8,-7.7,-20.8,450
-6.4,-10,-3.2,0.001,10.8,5.6,2.3,-13.4,36,58.3,9.8,-5.5,-14.8,450
-6.3,-9,-3.1,0.001,10.5,4.1,1.9,-13.4,28,60.9,9.9,-4.3,-13.5,430
-5.5,-10,-0.5,0.001,7.2,3.8,1,-6.4,65,93.4,9.9,-4,-16.1,430
-6.9,-14.7,-0.5,0.001,16,5.4,2.2,-8.9,52,85.8,10,-3.3,-13.9,440
-14.4,-17.6,-10.4,0.001,16.7,5.1,2.8,-21.1,36,59.3,10,-8.7,-19.8,450
-11.4,-17.9,-2.1,0.001,6.3,4.3,1.4,-14.7,40,79.9,10,-8.8,-22,480
-8.5,-14.5,-0.4,0.001,6.3,4.2,0.7,-17,6,61.9,10,-7.2,-19.8,500
-8.4,-14.7,-1.6,0.001,6.3,3.1,1,-19.2,13,51.6,10.1,-9,-21,530
-10.8,-16.4,-4.5,0.001,8.7,4,2.2,-19.6,31,49.8,10.1,-9.7,-19.7,680
-5.9,-10.8,-1.7,0.001,12.2,6.4,2.3,-10.4,55,70.8,10.2,-6.4,-15.3,690
-2.8,-6.2,2.1,0.001,9.8,5.1,2.1,-10.6,30,57.1,10.2,-4.9,-12.5,680
-4,-10.5,1,0.001,3.7,2.2,0.7,-9.6,13,73,10.2,-5.8,-15.8,700
-2.5,-3.5,-1.7,6.1,5.7,3.1,1,-2.6,99,99,10.2,-3.6,-5.2,880
-7.8,-14.4,0.5,0.001,5.3,3.2,1,-14.6,23,64.3,10.3,-5.1,-15.6,970
-8.3,-15.4,1.5,0.001,6,4.1,0.9,-14.7,15,69.8,10.4,-6.1,-17.3,980
-7.2,-15.4,1,0.001,8.8,3.3,0.9,-16.4,9,61.1,10.4,-6.4,-18.4,930
-3.2,-8.4,1.6,0.001,9.1,4.1,1.5,-10.5,33,61.6,10.4,-5.4,-13.7,890
-4.3,-9.6,0.6,0.001,7.6,3.9,1.5,-18.4,16,36,10.5,-5.5,-14.9,820
3,-7.3,12.4,0.001,7.4,4,1.3,-5.6,25,62,10.7,-3.4,-13.6,670
8.4,4.6,11.1,19,15.5,7.5,2.7,6.9,41,92.5,10.7,1.6,1.3,590
-8.6,-11.6,-5.4,0.001,12,4.4,1.7,-15.2,35,61.4,10.8,-2.5,-14.3,580
-5.7,-9.4,-2.8,0.001,10.9,5.1,2.2,-8.8,51,79.8,10.9,-2.4,-11.5,610
-3.6,-8.3,1.3,0.001,10.4,3.8,1.6,-10.9,32,59.4,10.9,-1.4,-12.2,600
0.1,-4.8,3.6,0.001,12.6,5.2,2.5,-5.7,43,66.5,10.9,-1.7,-8.9,590
1,-1.8,3.5,0.001,11.9,4.4,1.6,-10.1,22,45.9,11,-1.4,-5.9,590
-0.4,-5.1,5.1,0.001,7.5,4,1.4,-11.7,9,55.3,11.1,-0.7,-7.4,570
-0.7,-4.5,4,0.001,13,4.4,2.1,-8.7,12,65.3,11.1,0.1,-7.4,550
-4.7,-7.4,-1,0.6,6.3,3.9,1.4,-8,39,79.5,11.2,-1.8,-10.3,560
-4.5,-8.9,-0.8,0.001,12.5,4.1,2.3,-12.6,27,55.5,11.2,-2.5,-12.6,580
-0.8,-4,3.2,0.001,13.5,4.4,2.3,-11.9,17,48.9,11.2,-0.7,-7.2,580
-7.4,-9.6,-3.9,0.001,10.5,4.5,1.9,-12.4,49,68.8,11.3,-1.4,-6.6,610
-0.8,-8,4.8,0.001,12.3,6,2.7,-7.3,36,64.8,11.4,-1.6,-7.3,710
3.6,-2.1,11.6,0.001,8.7,4.8,1.5,-3.9,18,64.9,11.5,-0.4,-6.1,800
3.3,-2.9,11.9,0.001,5.1,3.4,0.9,1.8,52,91.8,11.5,0.1,-7.4,790
5.8,-2,12.5,0.001,8.4,4.9,1.4,-2.1,30,62.5,11.6,3.1,-5.8,780
3.2,0.1,6.2,0.001,7.3,3.7,1.4,-14.3,12,28.6,11.7,0.6,-2.3,770
-1.8,-3.7,2.6,0.001,10.2,6.4,2.6,-4.8,29,81.9,11.7,1,-5.1,770
-2.4,-5.8,2.2,0.001,7.4,4.1,1.5,-10.9,12,61.1,11.7,1.7,-9.4,750
-3.6,-7.7,2.5,0.001,7.3,4.2,1.6,-14.7,19,44.9,11.8,0.001,-10.9,740
-2.2,-5.9,2.6,0.001,9.5,6,1.3,-4.8,54,82.1,11.9,-0.9,-10.8,720
3,-6.8,12.4,0.001,6.2,3.4,1,-8.9,17,48.8,11.9,2.8,-12,720
7.1,1.9,13.2,0.001,11.4,5.6,1.7,-11.7,15,26.5,12,4.4,-4.4,760
8.6,-1.6,16.5,0.001,10.4,6.1,1.8,-9.9,9,30.9,12,5,-7.5,740
9.2,4.2,12.6,0.001,9.3,5.1,1.9,3.7,33,69.6,12.1,5.9,-2.3,740
5.3,-2.5,12.8,0.001,7.7,3.5,1.4,-2.3,25,64.1,12.2,6.8,-2.9,740
7.2,1.8,14.3,0.001,11.9,5,2,-5.1,19,48.6,12.2,6.8,-4.6,750
1.4,-2,5.3,8.2,7.1,3.4,1.5,-1,62,84.9,12.3,3.9,-1.3,730
-0.7,-3.1,2.3,0.001,9,5,1.5,-2.8,69,85.5,12.3,2.7,-3.7,730
0.7,-1.5,3.9,1.6,6.1,3.4,1,-1.1,59,88,12.3,2.4,-2.6,730
7.9,-0.5,13.8,0.001,7.6,4.2,1.5,-9.5,13,30.9,12.5,6.6,-6.1,740
10.2,4.8,14.6,0.001,14.5,5.6,3,-3.9,24,37.3,12.5,8.1,0.7,780
10.1,2,15.5,0.001,11.6,4.1,1.6,-4.4,20,39.5,12.5,10.2,-3.6,810
10.4,3.5,18.3,0.001,7.3,3.1,1,-6.9,15,31.8,12.6,9.4,-2.9,830
9.2,0.3,18.1,0.001,7.8,4.4,1.4,-2.3,22,48.4,12.6,10.1,-5.4,840
7,4.5,9.8,0.3,6.6,4.6,1.6,4.2,70,83,12.7,8,3.4,880
10.7,3.4,17.6,0.001,8.7,3.9,1.7,-5.8,11,37,12.8,11.5,-2,960
11.9,4,19.4,4.3,8,5.4,2.2,-2.7,12,43.5,12.8,11.2,-1.3,970
10,6.3,15.8,25.5,7.7,3.4,1.4,6.2,57,79.1,12.9,12,5,1020
12.2,3.7,17.8,0.001,13.6,5.5,2.2,-1.7,20,44.4,12.9,12.9,-1.5,1020
2.8,0.3,8.3,0.1,6.8,4.6,1.7,0.001,62,82.9,13,7,-0.7,1030
10,0.001,17.8,0.001,9.2,5.9,2.5,-1.8,26,49.3,13,10.3,-3.4,1000
11.2,3.7,19.8,0.001,11.5,5.5,1.5,2.7,28,61.5,13.1,14.1,-0.7,990
12.1,2.1,19.4,0.001,9.5,6.4,2.5,0.001,21,48.3,13.2,14.5,-1.8,990
8.8,4.6,14.9,5.1,15,6.2,2.9,-2.9,22,47.1,13.3,10.4,1.1,990
9.3,4.6,16,0.001,10.6,3.7,1.7,0.7,22,55.5,13.3,12.8,1.7,940
11.8,6,19.1,0.001,10.4,6.1,2.2,-0.8,16,45.8,13.3,11.4,1.8,930
11.6,7.5,15.3,18.5,7.6,3.1,1,9.3,72,86.5,13.4,11.8,6.4,900
15.9,6.9,22.2,0.001,14.8,6.1,2.3,4.7,26,53.3,13.4,15.7,1.3,870
13.4,1.5,24.1,0.001,7,4.5,1.1,1.3,23,48.8,13.5,15.2,-2.6,890
12.4,6,20.9,0.001,9.3,6.4,2.3,4.7,30,63.8,13.6,16.7,2,930
4.9,4.1,6.2,14,8.5,4,1.8,3.8,81,93.1,13.6,8.4,3.1,970
6.7,2.3,12.4,0.001,11.1,7.2,2.5,1.8,49,72.6,13.6,11,-1.8,1000
11,0.4,18.7,0.001,8.5,3.8,1.1,0.4,29,51.5,13.7,13.2,-2.8,1070
19.4,14,26.5,0.001,13.4,6.4,3.4,3.5,11,39,13.8,19.5,7.3,1090
12.5,6.8,18.2,12,24.4,9.2,5.5,8.5,55,77.3,13.8,15.2,3.9,1080
12.4,6.4,18.7,0.8,23.9,9.6,4.9,-1.2,16,41.9,13.8,14.5,4,1070
16.3,10.3,24.2,0.001,6.1,4.2,1,6.9,32,56.1,14,20.5,6.2,1050
9.5,7.3,14.9,29.2,12.2,4.8,2.2,7.1,55,86.6,14,12.2,6.5,1050
12.8,7.1,20.2,1.5,6.5,3.8,1.5,7.3,39,72.4,14.1,17,5.3,1050
16.3,6.9,23.8,0.001,10.3,6.4,2.3,7.3,28,59.6,14.1,19.4,1.9,1040
10.8,4.1,15.1,0.001,11.8,6.7,2.7,5,43,69,14.1,15.6,-0.1,990
12.5,7.2,17.5,8.5,13.4,4.9,2.2,1.3,26,50.5,14.2,16.6,5.7,950
16.8,6.4,25.3,0.001,10.6,4.5,1.8,2.1,17,42,14.2,20.1,1.2,920
18.2,8.2,28.4,0.001,6.5,4.4,0.9,4.1,13,47.8,14.3,21.6,3.5,910
17,8,27,0.001,7.4,4.3,1,1.3,14,41.8,14.3,22.3,4.5,850
14.8,5.5,24.2,0.001,8.4,4.8,1.5,0.9,17,44.1,14.3,21.2,1.5,830
17.8,4.8,27.2,0.001,7.4,4.7,1.3,2.6,9,43,14.4,22.7,0.9,730
16.4,13.5,19.5,6.6,9.9,5.6,2.9,11.1,41,72,14.4,17.8,10.8,730
17.6,11,24.1,0.001,9.6,4.1,1.9,5.8,20,50.6,14.4,21.8,5.9,730
18.3,13.5,24,0.001,9.2,4.2,1.5,10.9,40,63.5,14.4,21,8.9,685
18.3,10.9,24.9,0.001,6.4,4.4,1.4,8.7,36,55,14.5,24.6,6.1,660
19.9,10.5,27.6,0.001,9.6,4,1.3,8.3,19,52.9,14.5,26.9,5.3,665
19.8,14.2,26.5,0.001,10.9,4.4,1.7,8.7,14,51.3,14.5,26.5,8.1,640
15.1,8.8,21.7,0.001,8.7,5.1,1.8,4.7,31,53.6,14.6,26.2,4.5,625
15.9,6.2,24.2,0.001,6.5,3.6,1.1,5.1,29,52.9,14.6,24.4,2.3,600
20.1,12.3,26.1,0.001,8.2,4.6,1.6,8,32,47.1,14.6,23.8,7.1,575
17.6,14.5,22.8,0.001,4.2,2.7,0.8,13.8,56,79.5,14.6,22.2,12.2,575
17.8,14.4,23.7,0.001,4.7,3.2,0.9,14.4,48,82.3,14.7,21.8,10.5,570
18.5,13.7,23.8,0.001,6.6,4.5,1.4,14.7,53,80.4,14.7,25.8,9.6,550
21.1,12.8,27.9,0.001,5.9,3.4,1.1,13.1,33,63.9,14.7,27.2,9,530
16.9,15.5,20.9,2.1,6.5,4.3,1.6,15.5,73,91.6,14.7,22.6,14.1,520
19.1,12.2,25.5,0.2,6.4,4.2,1.4,15.2,36,80.5,14.7,26.4,12.6,510
19.2,16.6,24,11.1,9.1,5.8,2.1,15.5,40,81.8,14.7,22.8,14.8,510
19.1,16.5,22.5,0.001,8.4,4,1.8,13.1,55,68.8,14.7,20.7,12.6,530
21,15.8,26.6,0.001,10.8,5,1.6,12.3,36,59.8,14.7,25.5,12,550
21.2,15.8,27.6,0.001,7.4,4.5,1.7,12.9,35,62.8,14.7,27.6,11,550
19.8,15.2,25.8,0.001,6,3.6,1.2,15.6,55,78.1,14.7,25.8,12.1,560
19.5,15.3,27.6,0.001,7.4,5,1.9,16.3,37,83.6,14.7,27.8,11.8,610
22.3,16.3,28.7,0.001,5,3.3,1.2,16.2,46,70,14.7,27.9,16,700
19,16.7,22.3,27.4,7.6,3.2,1.1,16.2,69,84.9,14.7,22.1,15.4,660
19.4,13.2,26.5,0.001,5.7,3.3,0.8,13.3,35,71.3,14.7,21.2,9.7,620
19.3,12.7,26.1,0.001,7.1,4.3,1.2,13.2,46,70,14.7,23.8,9.6,560
19.5,13.9,25.4,0.001,5.9,3.7,1.1,14.2,49,73.1,14.7,24.1,11.8,550
22.9,16.8,28.6,0.8,9.5,4.4,1.7,16.8,48,70,14.7,26.4,15.7,550
22.5,20.1,27.6,71.4,11.3,6.1,2.3,18.7,56,80.6,14.7,23.9,18,570
16.9,16.2,17.9,151.5,3.3,2,0.5,16.6,95,98.5,14.7,18.3,15.8,700
21.5,16.6,26.9,55.8,12.3,6.1,1.9,18.9,65,86.6,14.6,21.6,16.2,720
17,15,20,32.3,6.1,3.7,1.5,16.6,87,97.4,14.6,19.8,14.8,700
22.2,15.5,26.8,1.4,11,4.5,1.2,18.1,58,79.4,14.6,23.6,15.2,710
22.5,18.1,29.4,0.001,7,4.4,1.2,18.1,47,78.8,14.6,25.9,16.9,670
24,18.2,29.6,0.001,6.2,3.5,1,19.6,49,78.5,14.6,28,16.3,570
22.5,20.3,26.1,2.9,6.3,3.9,1.4,20.2,69,87.6,14.5,24.9,18.8,560
23.5,17.8,29.4,0.001,9,5,1.3,18,46,73.1,14.5,27.5,16.3,570
19.5,17.2,22.7,16,11.6,6.6,2,17,73,86.1,14.5,21.8,16.3,570
18.5,15.8,21.3,0.001,8.2,4.1,1.8,15.4,72,82.9,14.5,20.9,14.1,580
20.8,16.8,27.1,0.001,6,4,1.2,17.2,53,81.5,14.4,24.4,15.6,640
19.9,15.3,26.7,0.001,6.9,4.3,1.3,17.7,59,88.6,14.4,24.8,16.8,590
19.6,17.5,23.7,0.001,6.1,3.8,1.4,17.9,74,91,14.4,24.4,18.3,600
20.8,16.8,27.8,0.001,7.2,4.7,1.4,17.2,46,81.6,14.3,25.8,17.5,610
21.7,14.7,29.9,0.001,6.8,4.1,1.4,17,44,77,14.3,28.4,14.1,610
23.9,21,27.2,11.9,5.6,3,0.7,21.5,70,87,14.3,25.9,20.2,610
25.1,20.7,29.6,0.001,8.7,4.8,2,19.5,53,72.4,14.2,27.5,19.2,650
25.8,23.4,29.1,0.001,10.7,5.8,2.7,19.6,55,69.3,14.2,27.4,19.9,630
25.6,22.6,30,0.001,7.7,4.7,2,19.4,54,69.8,14.2,28.3,19.3,630
24.5,20.1,27.4,0.001,8.5,4.9,1.8,19.8,62,75.8,14.1,25.4,18.3,610
23.8,19.4,30.6,0.2,7.8,5.2,1.1,19.7,49,80.8,14,28.2,19.2,585
22.3,20.3,26.8,10.4,6.8,4.7,0.7,20.5,68,90.4,14,25.1,21.2,595
23,19.3,28.7,0.1,8.7,4.8,1.2,20.2,60,85.8,14,27.2,23.3,595
23.2,18.6,29.9,0.001,7.9,5.4,1.3,19.6,55,81.9,14,28,23.8,600
23.8,17,31.8,0.001,6,3.9,1.1,18.5,42,75.3,13.9,28.4,22.2,625
24,20.3,29.5,0.001,8.7,5.6,1.9,20.7,58,83.1,13.8,27.6,23.4,625
22.2,19.4,27.5,1.1,6.7,4.2,1.5,19.5,63,85.9,13.8,26.8,23.8,640
25,19.6,30.5,0.001,5.7,3.5,0.7,20.3,53,78,13.8,28.4,23.8,635
25.6,19.6,32.9,0.001,4.4,3,0.9,21.1,49,78.5,13.7,29,22.5,700
26.4,19.8,34.6,0.001,5.6,2.8,0.8,20.8,40,74.6,13.7,31.1,23.4,670
23.2,20.3,29.3,3.8,5.4,3.3,1.3,18.8,48,78.6,13.6,30.3,24.7,720
22.7,19.3,27.9,0.001,7.9,4.9,1.4,20,62,85.8,13.5,27.3,24.2,780
23.4,19.3,30,0.001,5.8,3.8,1.1,20.2,57,83.4,13.5,28.2,18.1,780
23.3,18.2,29.7,0.001,5.3,3.7,1,18.3,35,76.3,13.5,29.4,17.3,810
22.2,17.7,27.9,0.001,7.4,4.6,1.5,18.5,58,80.6,13.4,29.4,15.8,850
21.4,17.4,27.4,0.001,5.2,3.3,1.1,17.5,50,79.9,13.3,26.4,15,860
21.9,15.8,29.8,0.001,5.3,3.6,1.1,16.3,35,73.9,13.3,28.7,14.2,890
23.9,15.8,31.5,0.001,8.1,3.6,1.2,16.4,34,67,13.2,31,14.1,950
15,13,21.2,22.9,13.6,8.1,2.3,12.9,69,87.9,13.2,25,11.9,980
13.8,12.3,16.5,13.3,13.8,7.4,3.5,10.5,69,81.4,13.1,14.2,10.5,1060
15.1,12.1,17.6,1.7,8.1,4.3,1.3,11.4,62,79.5,13.1,15.8,10.8,1150
15.4,13.4,17.3,6.9,20.1,7.9,5,11,61,76,13,14.6,11.5,1260
21.1,16.9,25.4,0.001,12.7,5.8,2.7,14.6,52,67.4,13,20.5,14.2,1440
16.9,15.7,20,16.4,9,5,1.2,15.9,76,94.1,12.9,18,15.1,1350
20.5,18.3,24.8,4.3,4.1,2.8,0.7,19.2,74,93.1,12.8,22.6,17.7,1280
20.4,15.5,27.3,0.001,5.3,3.6,0.9,15.1,34,75.6,12.8,21.8,12.3,1220
18.5,13.5,24.4,1.5,6.6,4.1,1.1,15.1,48,82.8,12.7,21.3,10.2,1140
17.7,16.1,23.6,3.9,7.3,4.6,1.4,16,59,90.5,12.7,20.6,15.2,1130
18.2,15.2,23,6.7,6.2,4.3,1.1,16.1,60,88.5,12.7,21.4,15,1110
16.8,15.6,18.3,0.4,4.3,3,0.8,16,86,95.4,12.5,18.6,14.1,1160
17.2,12.9,21.9,0.001,6.7,4.3,1.3,14.9,58,87.6,12.5,21.3,13.3,1300
13.2,11.7,14.4,12.5,10.8,4.9,2.7,11.5,83,90,12.3,14.8,9.5,1090
13.2,11.2,16.3,0.001,12.2,5.8,3,9.2,55,77.8,12.2,15.8,9.1,1190
13.8,11.6,17.6,0.001,6.5,4,1.9,9.9,55,78.8,12.2,15.6,9.2,1140
13.4,10.7,16.9,0.001,5.1,3.4,0.8,11.1,73,86.9,12.2,14.9,7,1120
14.5,8.4,21.3,0.001,5.3,3.8,1,11.9,53,85.9,12.1,17.7,8.9,1090
15.4,10.8,22.5,0.001,5.8,2.8,0.4,12.5,48,83.9,12,16.3,8.8,1100
17.9,13.9,22,0.3,6.1,2.2,0.3,16.7,76,93.1,12,17.9,13.2,1150
17,12.7,21.9,2,7.3,4.7,1.8,14.6,61,87.1,11.9,18.9,12.5,1210
11.9,10.8,13.1,1.1,6.7,2.9,1.5,10.3,80,90.3,11.9,14.8,10.5,1180
14.1,11,17.9,0.001,3.9,2.6,0.8,12.3,74,89.8,11.8,14.6,8.8,1150
14.7,8.9,19.8,0.001,8,4.6,1.4,12,58,84.6,11.7,16.6,4.7,1300
14.6,13.2,16.5,31.6,10.5,5.7,1.9,12.9,73,89.8,11.6,14.9,8.9,1390
14,9.3,19.9,0.001,9,5.7,1.3,11.8,52,88.5,11.6,16,4.6,1500
13.5,11.1,16.1,8,5.8,3,1.5,11.3,67,87.5,11.6,15.4,10.9,1550
8.7,4.3,14.5,0.001,5.2,3.5,1,5.3,59,80.5,11.5,12.7,1.8,1590
10.5,5,17.4,0.001,6.4,2.9,0.8,5,38,73.4,11.4,12,2.1,1460
10.6,6.4,14.8,0.001,6.7,4.5,1.4,7,57,79.9,11.4,12.5,2.2,1390
11,5.6,19.7,0.001,5.2,2.8,0.7,3.6,19,66.9,11.3,13.3,2.8,1360
10.6,3.9,19.5,0.001,5.9,4,0.8,6.1,42,77.3,11.3,12.3,0.1,1310
14.6,8.4,22.3,0.001,7,4.4,1.1,10.5,39,78.5,11.2,15,4,1310
12.1,5.7,18.8,0.001,5.1,3.5,1,9.7,55,86.6,11.1,13.4,1.7,1270
14.1,9.1,21.6,0.001,6.1,3.6,1.1,9,36,75.3,11.1,15.8,5.1,1240
11.5,6.9,17.9,0.001,11.8,7,1.7,8.7,46,84.1,11.1,12.4,1.3,1250
10,9.6,10.6,1.4,4.1,2.7,1.2,8.9,89,93.5,11,11.1,8.1,1270
7.6,1,15.7,0.001,6.5,3.6,1.1,3,37,77.5,10.9,9.7,-2,1250
10.6,6.9,15,18.4,13.8,7.5,2.7,7.9,44,84.6,10.9,10.4,1.7,1250
9.3,2.6,17.6,0.001,6.7,4.2,1,3.6,27,73.4,10.9,10.5,-2.3,1270
9.8,3.9,14.9,0.001,4.1,2.7,1,6.6,58,82,10.8,10.8,-1,1300
9.5,8.1,11.9,5,6.5,3,0.8,7.8,70,89.4,10.8,10.1,3.8,1300
6.1,2.2,8.8,0.001,8.6,4.7,1.9,-3.2,21,54,10.7,5,-3.1,1000
0.9,-3.2,8.1,0.001,10.3,5.5,1.4,-9.1,15,51.1,10.6,2.7,-9.4,900
0.8,-5.9,7.3,0.001,8.6,4.3,1.2,-9.9,8,51.5,10.6,1.7,-11.3,895
4,0.001,8.8,0.001,10.4,3.5,1.4,-2.8,40,62.4,10.6,4.3,-3.9,860
7.6,-0.2,13.1,0.001,11.7,6.1,2.4,1,35,65.1,10.5,5.8,-4.2,855
8.6,5.5,11.1,0.2,10.6,5.5,2.7,6,69,84.6,10.4,9,5.6,855
5.2,-0.8,9.1,1.2,12.3,4.1,1.6,-0.8,39,66.6,10.4,7,-4.1,840
1.1,-2.5,8.2,0.001,6.4,4.3,1.4,-3.8,22,73.1,10.4,3.3,-5.2,860
4.1,-1.7,9.3,0.001,6.8,4.1,1.3,-0.2,38,75.1,10.3,4.2,-3.8,840
4.9,0.5,9.1,0.001,13.6,4.7,1.7,-1.6,37,64.3,10.3,4.6,-3.1,840
12.3,4.7,16.4,0.001,9.4,4.6,2,8,59,76,10.2,8.9,1,870
5.7,-1.3,12.2,0.001,7.2,5.3,1.6,0.001,22,68.6,10.2,5.3,-5,880
3.4,-3.3,12.5,0.001,8,3.9,0.9,-6.3,12,55.4,10.2,1.9,-7.4,880
3,-2,11.5,0.001,5.3,3.6,0.9,-2.7,31,68.9,10.1,2.5,-5.4,900
7.4,-1.4,15.2,4.5,8.8,4.1,1.5,1.5,29,71.3,10.1,3.4,-5.6,890
5.6,0.8,10.1,0.001,6.5,4.3,0.9,3.2,69,85.8,10,4.8,-3,920
2.7,-0.4,6,0.001,7.8,3.4,1.2,-0.6,51,80,10,4.4,-1.1,940
-0.5,-4,2.4,0.001,6.1,4,1.6,-3.6,42,80.6,10,2.2,-8,930
-3.2,-6.9,2.5,0.001,9.9,4.7,1.3,-18.3,11,31.1,10,-2,-10.8,910
-3.1,-7.7,2.1,0.001,8.7,3.5,1.4,-12.8,29,48.5,9.9,-2.7,-10.3,910
-0.2,-4.1,5.3,0.001,8.6,3.6,1.3,-9.4,24,52.1,9.9,-1.6,-8.6,910
-1.3,-7.3,5.1,0.001,6.6,4.3,1.1,-6.3,35,71,9.8,-2,-10.2,910
3.6,0.3,5.9,0.3,10.8,5,1.6,1.3,67,86,9.8,0.5,-0.5,1000
1.9,-2.7,5.2,0.001,15.6,4.8,2.5,-8.8,24,46.9,9.8,0.6,-7,1050
4.4,0.4,7.4,0.1,12.7,4.8,2.4,-1.3,53,66.6,9.7,0.5,-2.7,1140
-2.6,-7.8,2.4,0.001,9.7,4.3,1.4,-14.1,17,44.4,9.7,-2.6,-11.1,1110
-2.2,-8.7,3.8,0.001,9.7,5,1.2,-7.9,55,65.4,9.7,-2.5,-11.3,1170
-1.5,-8.2,4.2,0.001,8.8,5.2,1.7,-8.4,28,63.6,9.7,-2.7,-11.5,1170
-0.3,-5.3,3,0.6,10.9,4.6,1.9,-6.7,43,63.3,9.7,-1.5,-9,1200
2.8,-6.9,6,0.001,9.7,6.3,2.1,-7.1,15,50.3,9.7,-1.8,-12,1210
2.5,-0.5,6.9,0.2,8.5,5.6,1.6,-1.2,52,77.8,9.6,-0.1,-4.1,1230
-2.1,-4,0.4,3,6.5,3.7,1.2,-3.2,86,91.6,9.6,-1.2,-1.8,1270
-6.1,-10.1,-2.6,0.001,9.1,3.8,1.2,-12,38,65,9.6,-1.5,-5.2,1375
-7.3,-13.7,-2,0.001,10.2,4.2,1.6,-18.5,15,45.9,9.6,-2.1,-7.4,1390
3.9,-0.4,8.3,0.1,6.4,3.7,1.1,1.5,54,84.6,9.6,0.5,-3.5,1365
2,-2.6,9.5,0.001,5.4,3.7,0.8,-0.2,56,86.6,9.6,0.7,-7.5,1375
3.7,-4.7,12.1,30.3,9,6,0.9,1.5,45,88.4,9.6,2.3,-9,1435
6.6,0.4,13.3,21.2,13.6,5.7,2.6,3.5,68,80.8,9.6,6.9,0.3,1420
-3.5,-6.6,0.5,0.001,9.2,3.9,1.6,-7.2,62,75.4,9.6,-1,-7.5,1450
1.2,-0.3,4.4,5.8,6.3,4,0.8,-1.5,48,83.8,9.6,-0.4,-1,1340
-3.2,-7.5,-0.1,1.1,2.6,1.3,0.001,-5.8,70,82.1,9.6,-0.9,-3.6,1290
-4.6,-10.2,1.4,0.001,9.4,5.1,1.4,-13.7,27,54.3,9.6,-1.3,-5.4,1255
-5.6,-9,-2.4,0.001,10.3,4.2,1.6,-14.6,30,50.3,9.6,-1.5,-7.3,1255
-5.5,-12,-0.4,0.001,11.9,6.4,1.9,-15,17,50.4,9.7,-2.6,-9,1200
